<root><poll>
<id>1</id>
<question>
What is the best kind of E-Business ? Share your opinion !!
</question>
<variant><text>Scammers are the kings of the internet !</text><votes>14</votes></variant>
<variant><text>
Spam is the most brilliant technology of 12 century !!
</text><votes>7</votes></variant>
<variant><text>
Dating sites is the feature of internet money making
</text><votes>4</votes></variant>
<variant><text>
Porno industry earns the biggest cash in the world. Do you want to see some pics ? ;-)
</text><votes>2</votes></variant>
<variant><text>
Only long and hard work with directories and SEO can bring success
</text><votes>2</votes></variant>
<variant><text>Crazy ideas are the engine of moneymaking !!</text><votes>3</votes></variant>
</poll></root>