Insert into `pligg_categories` (`category__auto_id`,`category_lang`,`category_id`,`category_parent`,`category_name`,`category_safe_name`,`rgt`,`lft`,`category_enabled`,`category_order`,`category_desc`,`category_keywords`,`category_author_level`,`category_author_group`) values ('0','en','0','0','all','all','3','0','2','0','','','normal','');
Insert into `pligg_categories` (`category__auto_id`,`category_lang`,`category_id`,`category_parent`,`category_name`,`category_safe_name`,`rgt`,`lft`,`category_enabled`,`category_order`,`category_desc`,`category_keywords`,`category_author_level`,`category_author_group`) values ('1','en','1','0','News','News','2','1','1','0','','','normal','');
Insert into `pligg_config` (`var_id`,`var_page`,`var_name`,`var_value`,`var_defaultvalue`,`var_optiontext`,`var_title`,`var_desc`,`var_method`,`var_enclosein`) values ('1','SEO','$URLMethod','2','1','1 or 2','URL method','Search engine friendly URLs<br><b>1</b> = Non-SEO Links. Example: /story.php?title=Example-Title<br><b>2</b> SEO Method. Example: /story/example-title/ method.<br><em>Note -</em> Rename htaccess.default to .htaccess','normal','');
Insert into `pligg_config` (`var_id`,`var_page`,`var_name`,`var_value`,`var_defaultvalue`,`var_optiontext`,`var_title`,`var_desc`,`var_method`,`var_enclosein`) values ('2','SEO','enable_friendly_urls','true','true','true / false','Friendly URL\'s for stories','Use the story title in the url by setting this value to true. Example: /story/(story title)/','define','');
Insert into `pligg_config` (`var_id`,`var_page`,`var_name`,`var_value`,`var_defaultvalue`,`var_optiontext`,`var_title`,`var_desc`,`var_method`,`var_enclosein`) values ('3','SEO','enable_friendly_caturls','true','true','true / false','Friendly URL\'s for categories','Use the category name in urls by setting this to true. Example: /category/(categoryname)/','define','');
Insert into `pligg_config` (`var_id`,`var_page`,`var_name`,`var_value`,`var_defaultvalue`,`var_optiontext`,`var_title`,`var_desc`,`var_method`,`var_enclosein`) values ('4','Voting','votes_to_publish','2','5','number','Votes to publish','Number of votes before story is sent to the front page.','define','');
Insert into `pligg_config` (`var_id`,`var_page`,`var_name`,`var_value`,`var_defaultvalue`,`var_optiontext`,`var_title`,`var_desc`,`var_method`,`var_enclosein`) values ('5','Voting','days_to_publish','10','10','number','Days to publish','After this many days posts will not be eligible to move from upcoming to published pages','define','');
Insert into `pligg_config` (`var_id`,`var_page`,`var_name`,`var_value`,`var_defaultvalue`,`var_optiontext`,`var_title`,`var_desc`,`var_method`,`var_enclosein`) values ('6','Misc','$trackbackURL','pligg.com','pligg.com','pligg.com','Trackback URL','The url to be used in <a href=\"http://en.wikipedia.org/wiki/Trackback\">trackbacks</a>.','normal','\"');
Insert into `pligg_config` (`var_id`,`var_page`,`var_name`,`var_value`,`var_defaultvalue`,`var_optiontext`,`var_title`,`var_desc`,`var_method`,`var_enclosein`) values ('7','Location Installed','$my_base_url','http://geez.gr','http://localhost','http://(your site name)(no trailing /)','Base URL','<br>\r\n<b>Examples</b>\r\n<br>\r\nhttp://demo.pligg.com<br>\r\nhttp://localhost<br>\r\nhttp://www.pligg.com','normal','\'');
Insert into `pligg_config` (`var_id`,`var_page`,`var_name`,`var_value`,`var_defaultvalue`,`var_optiontext`,`var_title`,`var_desc`,`var_method`,`var_enclosein`) values ('8','Location Installed','$my_pligg_base','','','/(folder name)','Pligg Base Folder','<br>\r\n<b>Examples</b>\r\n<br>\r\n/pligg -- if installed in the /pligg subfolder<br>\r\nLeave blank if installed in the site root folder.','normal','\'');
Insert into `pligg_config` (`var_id`,`var_page`,`var_name`,`var_value`,`var_defaultvalue`,`var_optiontext`,`var_title`,`var_desc`,`var_method`,`var_enclosein`) values ('9','Tags','Enable_Tags','true','true','true / false','Enable Tags','Enable the use of tags and the tag cloud.','define','');
Insert into `pligg_config` (`var_id`,`var_page`,`var_name`,`var_value`,`var_defaultvalue`,`var_optiontext`,`var_title`,`var_desc`,`var_method`,`var_enclosein`) values ('10','Tags','$tags_min_pts','8','8','number (should be at least 8)','Tag Minimum Font Size','<b>Only used if Tags are enabled.</b> How small should the text for the smallest tags be.','normal','');
Insert into `pligg_config` (`var_id`,`var_page`,`var_name`,`var_value`,`var_defaultvalue`,`var_optiontext`,`var_title`,`var_desc`,`var_method`,`var_enclosein`) values ('11','Tags','$tags_max_pts','36','36','number','Tags Maximum Font Size','<b>Only used if Tags are enabled.</b> How large should the text for the largest tags be.','normal','');
Insert into `pligg_config` (`var_id`,`var_page`,`var_name`,`var_value`,`var_defaultvalue`,`var_optiontext`,`var_title`,`var_desc`,`var_method`,`var_enclosein`) values ('12','Tags','$tags_words_limit','100','100','number','Tag Cloud Word Limit','<b>Only used if Tags are enabled.</b> The most tags to show in the cloud.','normal','');
Insert into `pligg_config` (`var_id`,`var_page`,`var_name`,`var_value`,`var_defaultvalue`,`var_optiontext`,`var_title`,`var_desc`,`var_method`,`var_enclosein`) values ('13','AntiSpam','CHECK_SPAM','false','false','true / false','Enable spam checking','Checks submitted domains to see if they\'re on a blacklist.','define','');
Insert into `pligg_config` (`var_id`,`var_page`,`var_name`,`var_value`,`var_defaultvalue`,`var_optiontext`,`var_title`,`var_desc`,`var_method`,`var_enclosein`) values ('14','AntiSpam','$MAIN_SPAM_RULESET','antispam.txt','antispam.txt','text file','Main Spam Ruleset','What file should be used to check for spam domains?','normal','\"');
Insert into `pligg_config` (`var_id`,`var_page`,`var_name`,`var_value`,`var_defaultvalue`,`var_optiontext`,`var_title`,`var_desc`,`var_method`,`var_enclosein`) values ('15','AntiSpam','$USER_SPAM_RULESET','local-antispam.txt','local-antispam.txt','text file','Local Spam Ruleset','What file should Pligg write to if you mark items as spam?','normal','\"');
Insert into `pligg_config` (`var_id`,`var_page`,`var_name`,`var_value`,`var_defaultvalue`,`var_optiontext`,`var_title`,`var_desc`,`var_method`,`var_enclosein`) values ('16','AntiSpam','$SPAM_LOG_BOOK','spamlog.log','spamlog.log','text file','Spam Log','File to log spam blocks to.','normal','\"');
Insert into `pligg_config` (`var_id`,`var_page`,`var_name`,`var_value`,`var_defaultvalue`,`var_optiontext`,`var_title`,`var_desc`,`var_method`,`var_enclosein`) values ('17','Live','Enable_Live','true','true','true / false','Enable Live','Enable the live page.','define','');
Insert into `pligg_config` (`var_id`,`var_page`,`var_name`,`var_value`,`var_defaultvalue`,`var_optiontext`,`var_title`,`var_desc`,`var_method`,`var_enclosein`) values ('18','Live','items_to_show','20','20','number','Live Items to Show','Number of items to show on the live page.','define','');
Insert into `pligg_config` (`var_id`,`var_page`,`var_name`,`var_value`,`var_defaultvalue`,`var_optiontext`,`var_title`,`var_desc`,`var_method`,`var_enclosein`) values ('19','Live','how_often_refresh','20','20','number','How often to refresh','How many seconds between refreshes - not recommended to set it less than 5.','define','');
Insert into `pligg_config` (`var_id`,`var_page`,`var_name`,`var_value`,`var_defaultvalue`,`var_optiontext`,`var_title`,`var_desc`,`var_method`,`var_enclosein`) values ('20','Submit','Story_Content_Tags_To_Allow_Normal','','','HTML tags','HTML tags to allow to Normal users','leave blank to not allow tags. Example is \'< b >< br >< font >< img >< p >\' <strong>(without spaces)</strong>','define','\'');
Insert into `pligg_config` (`var_id`,`var_page`,`var_name`,`var_value`,`var_defaultvalue`,`var_optiontext`,`var_title`,`var_desc`,`var_method`,`var_enclosein`) values ('21','Submit','Submit_Require_A_URL','true','true','true / false','Require a URL when Submitting','Require a URL when submitting.','define','');
Insert into `pligg_config` (`var_id`,`var_page`,`var_name`,`var_value`,`var_defaultvalue`,`var_optiontext`,`var_title`,`var_desc`,`var_method`,`var_enclosein`) values ('22','Submit','Submit_Show_URL_Input','true','true','true / false','Show the URL Input Box','Show the URL input box in submit step 1.','define','');
Insert into `pligg_config` (`var_id`,`var_page`,`var_name`,`var_value`,`var_defaultvalue`,`var_optiontext`,`var_title`,`var_desc`,`var_method`,`var_enclosein`) values ('23','Submit','No_URL_Name','Editorial','Editorial','text','No URL text','Label to show when there is no URL provided in submit step 1.','define','\'');
Insert into `pligg_config` (`var_id`,`var_page`,`var_name`,`var_value`,`var_defaultvalue`,`var_optiontext`,`var_title`,`var_desc`,`var_method`,`var_enclosein`) values ('27','Avatars','Default_Gravatar_Large','/avatars/Gravatar_30.gif','/avatars/Gravatar_30.gif','Path to image','Default  avatar (large)','Default location of large gravatar.','define','\'');
Insert into `pligg_config` (`var_id`,`var_page`,`var_name`,`var_value`,`var_defaultvalue`,`var_optiontext`,`var_title`,`var_desc`,`var_method`,`var_enclosein`) values ('28','Avatars','Default_Gravatar_Small','/avatars/Gravatar_15.gif','/avatars/Gravatar_15.gif','Path to image','Default avatar (small)','Default location of small gravatar.','define','\'');
Insert into `pligg_config` (`var_id`,`var_page`,`var_name`,`var_value`,`var_defaultvalue`,`var_optiontext`,`var_title`,`var_desc`,`var_method`,`var_enclosein`) values ('29','Misc','Enable_Extra_Fields','true','false','true / false','Enable extra fields','Enable extra fields when submittng stories?','define','');
Insert into `pligg_config` (`var_id`,`var_page`,`var_name`,`var_value`,`var_defaultvalue`,`var_optiontext`,`var_title`,`var_desc`,`var_method`,`var_enclosein`) values ('30','Comments','Enable_Comment_Voting','true','true','true / false','Comment Voting','Allow users to vote on comments?','define','');
Insert into `pligg_config` (`var_id`,`var_page`,`var_name`,`var_value`,`var_defaultvalue`,`var_optiontext`,`var_title`,`var_desc`,`var_method`,`var_enclosein`) values ('31','Comments','$CommentOrder','4','4','1 - 4','Comment Sort Order','<br><b>1</b> = Top rated comments first, newest on top\r\n<br><b>2</b> = Newest comments first	\r\n<br><b>3</b> = Top rated comments first, oldest on top\r\n<br><b>4</b> = Oldest comments first','normal','');
Insert into `pligg_config` (`var_id`,`var_page`,`var_name`,`var_value`,`var_defaultvalue`,`var_optiontext`,`var_title`,`var_desc`,`var_method`,`var_enclosein`) values ('32','Hidden','Recommend_Type','1','1','1','Recommend_Type','','define','');
Insert into `pligg_config` (`var_id`,`var_page`,`var_name`,`var_value`,`var_defaultvalue`,`var_optiontext`,`var_title`,`var_desc`,`var_method`,`var_enclosein`) values ('33','Misc','Allow_Friends','true','true','true / false','Allow friends','Allow adding, removing, and viewing friends.','define','');
Insert into `pligg_config` (`var_id`,`var_page`,`var_name`,`var_value`,`var_defaultvalue`,`var_optiontext`,`var_title`,`var_desc`,`var_method`,`var_enclosein`) values ('34','Voting','Voting_Method','1','1','1 or 2','Voting method','<b>1</b> = the digg method. <b>2</b> = 5 star rating method','define','');
Insert into `pligg_config` (`var_id`,`var_page`,`var_name`,`var_value`,`var_defaultvalue`,`var_optiontext`,`var_title`,`var_desc`,`var_method`,`var_enclosein`) values ('36','Tell-a-Friend','Enable_Recommend','true','true','true / false','Enable tell-a-friend','Enable or disable the tell-a-friend link for each story.','define','');
Insert into `pligg_config` (`var_id`,`var_page`,`var_name`,`var_value`,`var_defaultvalue`,`var_optiontext`,`var_title`,`var_desc`,`var_method`,`var_enclosein`) values ('37','Tell-a-Friend','Email_Subject','Pligg.com story: ','Pligg.com story: ','text','Email Subject Prefix','The prefix added to the email title. The story title will be added to the subject of the email.','define','\"');
Insert into `pligg_config` (`var_id`,`var_page`,`var_name`,`var_value`,`var_defaultvalue`,`var_optiontext`,`var_title`,`var_desc`,`var_method`,`var_enclosein`) values ('38','Tell-a-Friend','Default_Message','I thought you might like to see this.','I thought you might like to see this.','text','Default message','Message sent along with story description in email.','define','\"');
Insert into `pligg_config` (`var_id`,`var_page`,`var_name`,`var_value`,`var_defaultvalue`,`var_optiontext`,`var_title`,`var_desc`,`var_method`,`var_enclosein`) values ('39','Tell-a-Friend','Included_Text_Part1','Pligg.com user ','Pligg.com user ','text file','Who Sent','The text used before displaying the username who sent the article.','define','\"');
Insert into `pligg_config` (`var_id`,`var_page`,`var_name`,`var_value`,`var_defaultvalue`,`var_optiontext`,`var_title`,`var_desc`,`var_method`,`var_enclosein`) values ('40','Tell-a-Friend','Included_Text_Part2',' would like to share this story with you: ',' would like to share this story with you: ','Text','Who Sent 2','What appears after the user name. <b>Keep a space in the beginning and end.</b>','define','\"');
Insert into `pligg_config` (`var_id`,`var_page`,`var_name`,`var_value`,`var_defaultvalue`,`var_optiontext`,`var_title`,`var_desc`,`var_method`,`var_enclosein`) values ('41','Tell-a-Friend','Send_From_Email','admin@geez.gr','noreply@pligg.com','email address','Sent from email','Email address email is sent from.','define','\"');
Insert into `pligg_config` (`var_id`,`var_page`,`var_name`,`var_value`,`var_defaultvalue`,`var_optiontext`,`var_title`,`var_desc`,`var_method`,`var_enclosein`) values ('43','Misc','SearchMethod','3','3','1 - 4','Search method','<br><b>1</b> = uses MySQL MATCH for FULLTEXT indexes (or something). <b>Problems are MySQL STOP words and words less than 4 characters. Note: these limitations do not affect clicking on a TAG to search by it.</b>\r\n<br><b>2</b> = uses MySQL LIKE and is much slower, but returns better results. Also supports \"*\" and \"-\"\r\n<br><b>3</b> = is a hybrid, using method 1 if possible, but method 2 if needed.<br><b>4</b> = uses Google to search your site.','define','');
Insert into `pligg_config` (`var_id`,`var_page`,`var_name`,`var_value`,`var_defaultvalue`,`var_optiontext`,`var_title`,`var_desc`,`var_method`,`var_enclosein`) values ('45','Anonymous','anonymous_vote','true','false','true / false','Anonymous vote','Allow anonymous users to vote on articles.','define','\"');
Insert into `pligg_config` (`var_id`,`var_page`,`var_name`,`var_value`,`var_defaultvalue`,`var_optiontext`,`var_title`,`var_desc`,`var_method`,`var_enclosein`) values ('46','Anonymous','$anon_karma','4','4','number','Anonymous Karma','Karma is an experimental feature that measures user activity and reputation.','normal','');
Insert into `pligg_config` (`var_id`,`var_page`,`var_name`,`var_value`,`var_defaultvalue`,`var_optiontext`,`var_title`,`var_desc`,`var_method`,`var_enclosein`) values ('47','Hidden','SALT_LENGTH','9','9','number','SALT_LENGTH','SALT_LENGTH','define','');
Insert into `pligg_config` (`var_id`,`var_page`,`var_name`,`var_value`,`var_defaultvalue`,`var_optiontext`,`var_title`,`var_desc`,`var_method`,`var_enclosein`) values ('48','Misc','$dblang','en','en','text','Database Language','Database language.','normal','\'');
Insert into `pligg_config` (`var_id`,`var_page`,`var_name`,`var_value`,`var_defaultvalue`,`var_optiontext`,`var_title`,`var_desc`,`var_method`,`var_enclosein`) values ('49','Misc','$page_size','8','8','number','Page Size','How many stories to show on a page.','normal','');
Insert into `pligg_config` (`var_id`,`var_page`,`var_name`,`var_value`,`var_defaultvalue`,`var_optiontext`,`var_title`,`var_desc`,`var_method`,`var_enclosein`) values ('50','Misc','$top_users_size','25','25','number','Top Users Size','How many users to display in top users.','normal','');
Insert into `pligg_config` (`var_id`,`var_page`,`var_name`,`var_value`,`var_defaultvalue`,`var_optiontext`,`var_title`,`var_desc`,`var_method`,`var_enclosein`) values ('51','Template','Allow_User_Change_Templates','false','false','true / false','Allow User to Change Templates','Allow user to change the template. They can do this from the user settings page.','define','');
Insert into `pligg_config` (`var_id`,`var_page`,`var_name`,`var_value`,`var_defaultvalue`,`var_optiontext`,`var_title`,`var_desc`,`var_method`,`var_enclosein`) values ('52','Template','$thetemp','wistie','wistie','text','Template','Default Template','normal','\'');
Insert into `pligg_config` (`var_id`,`var_page`,`var_name`,`var_value`,`var_defaultvalue`,`var_optiontext`,`var_title`,`var_desc`,`var_method`,`var_enclosein`) values ('53','OutGoing','track_outgoing','false','false','true / false','Enable Outgoing Links','Out.php is used to track each click to the external story url. Do you want to enable this click tracking?','define','');
Insert into `pligg_config` (`var_id`,`var_page`,`var_name`,`var_value`,`var_defaultvalue`,`var_optiontext`,`var_title`,`var_desc`,`var_method`,`var_enclosein`) values ('54','OutGoing','track_outgoing_method','title','title','url, title or id','Outgoing Links Placement','What information should the out.php link use?','define','\'');
Insert into `pligg_config` (`var_id`,`var_page`,`var_name`,`var_value`,`var_defaultvalue`,`var_optiontext`,`var_title`,`var_desc`,`var_method`,`var_enclosein`) values ('55','Submit','auto_vote','true','true','true / false','Auto vote','Automatically vote for the story you submitted.','define','');
Insert into `pligg_config` (`var_id`,`var_page`,`var_name`,`var_value`,`var_defaultvalue`,`var_optiontext`,`var_title`,`var_desc`,`var_method`,`var_enclosein`) values ('56','Submit','Validate_URL','true','true','true / false','Validate URL','Check to see if the page exists, gets the title from it, and checks if it is a blog that uses trackbacks. This should only be set to false for sites who have hosts that don\'t allow fsockopen or for sites that want to link to media (mp3s, videos, etc.)','define','');
Insert into `pligg_config` (`var_id`,`var_page`,`var_name`,`var_value`,`var_defaultvalue`,`var_optiontext`,`var_title`,`var_desc`,`var_method`,`var_enclosein`) values ('57','Misc','Spell_Checker','1','1','1 = on / 0 = off','Spell Check','Settings this to 1 will enable a Spellcheck button for stories and comments','define','');
Insert into `pligg_config` (`var_id`,`var_page`,`var_name`,`var_value`,`var_defaultvalue`,`var_optiontext`,`var_title`,`var_desc`,`var_method`,`var_enclosein`) values ('58','Submit','StorySummary_ContentTruncate','400','400','number','Summary Content truncate','When showing the story in summary mode (like on the front page), truncate the content to this many characters.','define','');
Insert into `pligg_config` (`var_id`,`var_page`,`var_name`,`var_value`,`var_defaultvalue`,`var_optiontext`,`var_title`,`var_desc`,`var_method`,`var_enclosein`) values ('59','Submit','SubmitSummary_Allow_Edit','0','0','1 = yes / 0 = no','Allow Edit of Summary','Allow users to edit the summary? Setting to yes will add an additional field to the submit page where users can write a brief description for the front page version of the article. Setting this to no the site will just truncate the full story content.','define','');
Insert into `pligg_config` (`var_id`,`var_page`,`var_name`,`var_value`,`var_defaultvalue`,`var_optiontext`,`var_title`,`var_desc`,`var_method`,`var_enclosein`) values ('60','Avatars','Enable_User_Upload_Avatar','true','true','true / false','Allow User to Uploaded Avatars','Should users be able to upload their own avatars?','define','');
Insert into `pligg_config` (`var_id`,`var_page`,`var_name`,`var_value`,`var_defaultvalue`,`var_optiontext`,`var_title`,`var_desc`,`var_method`,`var_enclosein`) values ('61','Avatars','User_Upload_Avatar_Folder','/avatars/user_uploaded','/avatars/user_uploaded','path','Avatar Storage Directory','This is the directory relative to your Pligg install where you want to store avatars.<br />Ex: if you installed in a subfolder named pligg, you only put /avatars/user_uploaded and NOT /pligg/avatarsuser_uploaded.','define','\"');
Insert into `pligg_config` (`var_id`,`var_page`,`var_name`,`var_value`,`var_defaultvalue`,`var_optiontext`,`var_title`,`var_desc`,`var_method`,`var_enclosein`) values ('62','Avatars','Avatar_Large','30','30','number','Large Avatar Size','Size of the large avatars in pixels (both width and height). Commonly used on the profile page.','define','');
Insert into `pligg_config` (`var_id`,`var_page`,`var_name`,`var_value`,`var_defaultvalue`,`var_optiontext`,`var_title`,`var_desc`,`var_method`,`var_enclosein`) values ('63','Avatars','Avatar_Small','20','15','number','Small Avatar Size','Size of the small avatar in pixels (both width and height). Commonly used in the comments page.','define','');
Insert into `pligg_config` (`var_id`,`var_page`,`var_name`,`var_value`,`var_defaultvalue`,`var_optiontext`,`var_title`,`var_desc`,`var_method`,`var_enclosein`) values ('64','Story','use_title_as_link','true','false','true / false','Use Story Title as External Link','Use the story title as link to story\'s website.','define','');
Insert into `pligg_config` (`var_id`,`var_page`,`var_name`,`var_value`,`var_defaultvalue`,`var_optiontext`,`var_title`,`var_desc`,`var_method`,`var_enclosein`) values ('65','Story','open_in_new_window','true','false','true / false','Open Story Link in New Window','If \"Use story title as link\" is set to true, setting this to true will open the link in a new window.','define','');
Insert into `pligg_config` (`var_id`,`var_page`,`var_name`,`var_value`,`var_defaultvalue`,`var_optiontext`,`var_title`,`var_desc`,`var_method`,`var_enclosein`) values ('66','Story','use_thumbnails','true','false','true / false','Thumbnail','Enable preview thumbnails on story page.','define','');
Insert into `pligg_config` (`var_id`,`var_page`,`var_name`,`var_value`,`var_defaultvalue`,`var_optiontext`,`var_title`,`var_desc`,`var_method`,`var_enclosein`) values ('67','Misc','table_prefix','pligg_','pligg_','text','MySQL Table Prefix','Table prefix. Ex: pligg_ makes the users table become pligg_users. Note: changing this will not automatically rename your tables!','define','\'');
Insert into `pligg_config` (`var_id`,`var_page`,`var_name`,`var_value`,`var_defaultvalue`,`var_optiontext`,`var_title`,`var_desc`,`var_method`,`var_enclosein`) values ('68','Voting','rating_to_publish','3','3','number','Rating To Publish','How many star rating votes will publish a story? For use with Voting Method 2.','define','');
Insert into `pligg_config` (`var_id`,`var_page`,`var_name`,`var_value`,`var_defaultvalue`,`var_optiontext`,`var_title`,`var_desc`,`var_method`,`var_enclosein`) values ('70','Misc','enable_gzip_files','false','false','true / false','Enable Gzip File Compression','Should the server check for gzipped javascript files? This is used to decrease the load time for pages.','define','');
Insert into `pligg_config` (`var_id`,`var_page`,`var_name`,`var_value`,`var_defaultvalue`,`var_optiontext`,`var_title`,`var_desc`,`var_method`,`var_enclosein`) values ('71','Submit','minTitleLength','5','10','number','Minimum Title Length','Minimum number of characters for the story title.','define','');
Insert into `pligg_config` (`var_id`,`var_page`,`var_name`,`var_value`,`var_defaultvalue`,`var_optiontext`,`var_title`,`var_desc`,`var_method`,`var_enclosein`) values ('72','Submit','minStoryLength','5','10','number','Minimum Story Length','Minimum number of characters for the story description.','define','');
Insert into `pligg_config` (`var_id`,`var_page`,`var_name`,`var_value`,`var_defaultvalue`,`var_optiontext`,`var_title`,`var_desc`,`var_method`,`var_enclosein`) values ('73','Tags','tags_min_pts_s','6','6','number (should be at least 6)','Tag minimum points (sidebar)','<b>Only used if Tags are enabled.</b> How small should the text for the smallest tags in the sidebar cloud?','define','');
Insert into `pligg_config` (`var_id`,`var_page`,`var_name`,`var_value`,`var_defaultvalue`,`var_optiontext`,`var_title`,`var_desc`,`var_method`,`var_enclosein`) values ('74','Tags','tags_max_pts_s','15','15','number','Tag Maximum Points (sidebar)','<b>Only used if Tags are enabled.</b> How big should the text for the largest tags be in the sidebar cloud?','define','');
Insert into `pligg_config` (`var_id`,`var_page`,`var_name`,`var_value`,`var_defaultvalue`,`var_optiontext`,`var_title`,`var_desc`,`var_method`,`var_enclosein`) values ('75','Tags','tags_words_limit_s','20','5','number','Tag Cloud Word Limit (sidebar)','<b>Only used if Tags are enabled.</b> How many tags to show in the sidebar cloud?','define','');
Insert into `pligg_config` (`var_id`,`var_page`,`var_name`,`var_value`,`var_defaultvalue`,`var_optiontext`,`var_title`,`var_desc`,`var_method`,`var_enclosein`) values ('76','Comments','comments_length_sidebar','75','75','number','Sidebar Comment Length','The maximum number of characters shown for a comment in the sidebar','define','');
Insert into `pligg_config` (`var_id`,`var_page`,`var_name`,`var_value`,`var_defaultvalue`,`var_optiontext`,`var_title`,`var_desc`,`var_method`,`var_enclosein`) values ('77','Comments','comments_size_sidebar','10','5','number','Sidebar Number of Comments','How many comments to show in the Latest Comments sidebar module.','define','');
Insert into `pligg_config` (`var_id`,`var_page`,`var_name`,`var_value`,`var_defaultvalue`,`var_optiontext`,`var_title`,`var_desc`,`var_method`,`var_enclosein`) values ('79','Submit','Recommend_Time_Limit','30','30','number','Email Time Limit.','How many seconds a user must wait before sending another \"tell a friend\" email.','define','');
Insert into `pligg_config` (`var_id`,`var_page`,`var_name`,`var_value`,`var_defaultvalue`,`var_optiontext`,`var_title`,`var_desc`,`var_method`,`var_enclosein`) values ('81','Groups','enable_group','true','true','true/false','Groups','Activate the Group Feature?','define','NULL');
Insert into `pligg_config` (`var_id`,`var_page`,`var_name`,`var_value`,`var_defaultvalue`,`var_optiontext`,`var_title`,`var_desc`,`var_method`,`var_enclosein`) values ('82','Groups','max_user_groups_allowed','10','10','number','Max Groups User Create','Maximum number of groups a user is allowed to create','define','NULL');
Insert into `pligg_config` (`var_id`,`var_page`,`var_name`,`var_value`,`var_defaultvalue`,`var_optiontext`,`var_title`,`var_desc`,`var_method`,`var_enclosein`) values ('83','Groups','max_groups_to_join','10','10','number','Max Joinable Groups','Maxiumum number of groups a user is allowed to join','define','NULL');
Insert into `pligg_config` (`var_id`,`var_page`,`var_name`,`var_value`,`var_defaultvalue`,`var_optiontext`,`var_title`,`var_desc`,`var_method`,`var_enclosein`) values ('84','Groups','auto_approve_group','true','true','true/false','Auto Approve New Groups','Should new groups be auto-approved? Set to false if you want to moderate all new groups being created.','define','NULL');
Insert into `pligg_config` (`var_id`,`var_page`,`var_name`,`var_value`,`var_defaultvalue`,`var_optiontext`,`var_title`,`var_desc`,`var_method`,`var_enclosein`) values ('85','Groups','group_avatar_size_width','90','90','number','Width of Group Avatar','Width in pixels for the group avatar','define','NULL');
Insert into `pligg_config` (`var_id`,`var_page`,`var_name`,`var_value`,`var_defaultvalue`,`var_optiontext`,`var_title`,`var_desc`,`var_method`,`var_enclosein`) values ('86','Groups','group_avatar_size_height','90','90','number','Height of Group Avatar','Height in pixels for the group avatar','define','NULL');
Insert into `pligg_config` (`var_id`,`var_page`,`var_name`,`var_value`,`var_defaultvalue`,`var_optiontext`,`var_title`,`var_desc`,`var_method`,`var_enclosein`) values ('87','Voting','votes_per_ip','0','1','number','Votes Allowed from one IP','This feature is turned on by default to prevent users from voting from multiple registered accounts from the same computer network. <b>0</b> = disable feature.','define','');
Insert into `pligg_config` (`var_id`,`var_page`,`var_name`,`var_value`,`var_defaultvalue`,`var_optiontext`,`var_title`,`var_desc`,`var_method`,`var_enclosein`) values ('88','Submit','limit_time_to_edit','0','0','1 = on / 0 = off','Limit time to edit stories','This feature allows you to limit the amount of time a user has before they can no longer edit a submitted story.<br /><b>0</b> = Unlimited amount of time to edit<br><b>1</b> = specified amount of time','define','');
Insert into `pligg_config` (`var_id`,`var_page`,`var_name`,`var_value`,`var_defaultvalue`,`var_optiontext`,`var_title`,`var_desc`,`var_method`,`var_enclosein`) values ('89','Submit','edit_time_limit','0','0','number','Minutes before a user is no longer allowed to edit a story','<b>0</b> = Disable the users ability to ever edit the story. Requires that you enable Limit Time To Edit Stories (set to 1).','define','');
Insert into `pligg_config` (`var_id`,`var_page`,`var_name`,`var_value`,`var_defaultvalue`,`var_optiontext`,`var_title`,`var_desc`,`var_method`,`var_enclosein`) values ('90','Groups','group_submit_level','normal','normal','normal,admin,god','Group Create User Level','Minimum user level to create new groups','define','NULL');
Insert into `pligg_config` (`var_id`,`var_page`,`var_name`,`var_value`,`var_defaultvalue`,`var_optiontext`,`var_title`,`var_desc`,`var_method`,`var_enclosein`) values ('91','Submit','Story_Content_Tags_To_Allow_Admin','','','HTML tags','HTML tags to allow to Admin users','leave blank to not allow tags. Example is \'< b >< br >< font >< img >< p >\' <strong>(without spaces)</strong>','define','\'');
Insert into `pligg_config` (`var_id`,`var_page`,`var_name`,`var_value`,`var_defaultvalue`,`var_optiontext`,`var_title`,`var_desc`,`var_method`,`var_enclosein`) values ('92','Submit','Story_Content_Tags_To_Allow_God','','','HTML tags','HTML tags to allow to God','leave blank to not allow tags. Example is \'< b >< br >< font >< img >< p >\' <strong>(without spaces)</strong>','define','\'');
Insert into `pligg_config` (`var_id`,`var_page`,`var_name`,`var_value`,`var_defaultvalue`,`var_optiontext`,`var_title`,`var_desc`,`var_method`,`var_enclosein`) values ('93','Misc','misc_validate','true','false','true / false','Validate user email','Require users to validate their email address?','define','');
Insert into `pligg_config` (`var_id`,`var_page`,`var_name`,`var_value`,`var_defaultvalue`,`var_optiontext`,`var_title`,`var_desc`,`var_method`,`var_enclosein`) values ('94','XmlSitemaps','XmlSitemaps_ping_google','true','false','true / false','Ping Google?','Ping Google when new story posted','define','');
Insert into `pligg_config` (`var_id`,`var_page`,`var_name`,`var_value`,`var_defaultvalue`,`var_optiontext`,`var_title`,`var_desc`,`var_method`,`var_enclosein`) values ('95','XmlSitemaps','XmlSitemaps_ping_ask','true','false','true / false','Ping Ask.com?','Ping Ask.com when new story posted','define','');
Insert into `pligg_config` (`var_id`,`var_page`,`var_name`,`var_value`,`var_defaultvalue`,`var_optiontext`,`var_title`,`var_desc`,`var_method`,`var_enclosein`) values ('96','XmlSitemaps','XmlSitemaps_ping_yahoo','true','false','true / false','Ping Yahoo?','Ping Yahoo! when new story posted','define','');
Insert into `pligg_config` (`var_id`,`var_page`,`var_name`,`var_value`,`var_defaultvalue`,`var_optiontext`,`var_title`,`var_desc`,`var_method`,`var_enclosein`) values ('97','XmlSitemaps','XmlSitemaps_yahoo_key','8v_ohIHV34FuTGIsdcTKfZnnkuzueJYQ4L6Br9cz6E97x4BuwF8hh1dFiUkR','','alphanumeric key from yahoo.com','Yahoo siteexplorer key','This key is required if you want to ping yahoo,<br />Don\'t have one? get it <a href=\"http://developer.yahoo.com/wsregapp/index.php\">here</a>','define','');
Insert into `pligg_config` (`var_id`,`var_page`,`var_name`,`var_value`,`var_defaultvalue`,`var_optiontext`,`var_title`,`var_desc`,`var_method`,`var_enclosein`) values ('98','XmlSitemaps','XmlSitemaps_friendly_url','true','false','true / false','Sitemap Friendly URLs','This makes friendly sitemap urls<br />you\'ll have to add this to .htaccess: <br />RewriteRule ^sitemapindex.xml module.php?module=xml_sitemaps_show_sitemap [L]<br />RewriteRule ^sitemap-([0-9a-z]+).xml module.php?module=xml_sitemaps_show_sitemap&i=$1 [L]<br />It seems ask.com does not accept sitemaps that do not end in .xml so you\'ll need this if you want to send the sitemap to ask.com','define','');
Insert into `pligg_config` (`var_id`,`var_page`,`var_name`,`var_value`,`var_defaultvalue`,`var_optiontext`,`var_title`,`var_desc`,`var_method`,`var_enclosein`) values ('99','XmlSitemaps','XmlSitemaps_Links_per_sitemap','500','500','positive numerical value','Links per Sitemap','This module generates an index of sitemaps, here you can set the number of links you want to include in one sitemap from that index','define','');
Insert into `pligg_config` (`var_id`,`var_page`,`var_name`,`var_value`,`var_defaultvalue`,`var_optiontext`,`var_title`,`var_desc`,`var_method`,`var_enclosein`) values ('100','XmlSitemaps','XmlSitemaps_use_cache','false','false','boolean','Use cache','Serve the sitemap from the disk cache, and don\'t ping any services untill the cache expires','define','');
Insert into `pligg_config` (`var_id`,`var_page`,`var_name`,`var_value`,`var_defaultvalue`,`var_optiontext`,`var_title`,`var_desc`,`var_method`,`var_enclosein`) values ('101','XmlSitemaps','XmlSitemaps_cache_ttl','3600','3600','positive numerical value','Cache TTL','Cache life time in seconds','define','');
Insert into `pligg_feed_import_fields` (`id`,`field_name`) values ('1','link_url');
Insert into `pligg_feed_import_fields` (`id`,`field_name`) values ('2','link_title');
Insert into `pligg_feed_import_fields` (`id`,`field_name`) values ('3','link_content');
Insert into `pligg_feed_import_fields` (`id`,`field_name`) values ('4','link_tags');
Insert into `pligg_feed_import_fields` (`id`,`field_name`) values ('5','link_field1');
Insert into `pligg_feed_import_fields` (`id`,`field_name`) values ('6','link_field2');
Insert into `pligg_feed_import_fields` (`id`,`field_name`) values ('7','link_field3');
Insert into `pligg_feed_import_fields` (`id`,`field_name`) values ('8','link_field4');
Insert into `pligg_feed_import_fields` (`id`,`field_name`) values ('9','link_field5');
Insert into `pligg_feed_import_fields` (`id`,`field_name`) values ('10','link_field6');
Insert into `pligg_feed_import_fields` (`id`,`field_name`) values ('11','link_field7');
Insert into `pligg_feed_import_fields` (`id`,`field_name`) values ('12','link_field8');
Insert into `pligg_feed_import_fields` (`id`,`field_name`) values ('13','link_field9');
Insert into `pligg_feed_import_fields` (`id`,`field_name`) values ('14','link_field10');
Insert into `pligg_feed_import_fields` (`id`,`field_name`) values ('15','link_field11');
Insert into `pligg_feed_import_fields` (`id`,`field_name`) values ('16','link_field12');
Insert into `pligg_feed_import_fields` (`id`,`field_name`) values ('17','link_field13');
Insert into `pligg_feed_import_fields` (`id`,`field_name`) values ('18','link_field14');
Insert into `pligg_feed_import_fields` (`id`,`field_name`) values ('19','link_field15');
Insert into `pligg_feed_link` (`feed_link_id`,`feed_id`,`feed_field`,`pligg_field`) values ('7','1','title','link_title');
Insert into `pligg_feed_link` (`feed_link_id`,`feed_id`,`feed_field`,`pligg_field`) values ('9','1','link','link_url');
Insert into `pligg_feed_link` (`feed_link_id`,`feed_id`,`feed_field`,`pligg_field`) values ('10','1','description','link_content');
Insert into `pligg_feed_link` (`feed_link_id`,`feed_id`,`feed_field`,`pligg_field`) values ('12','3','title','link_title');
Insert into `pligg_feed_link` (`feed_link_id`,`feed_id`,`feed_field`,`pligg_field`) values ('13','3','link','link_url');
Insert into `pligg_feed_link` (`feed_link_id`,`feed_id`,`feed_field`,`pligg_field`) values ('14','3','description','link_content');
Insert into `pligg_feed_link` (`feed_link_id`,`feed_id`,`feed_field`,`pligg_field`) values ('16','4','title','link_title');
Insert into `pligg_feed_link` (`feed_link_id`,`feed_id`,`feed_field`,`pligg_field`) values ('17','4','link','link_url');
Insert into `pligg_feed_link` (`feed_link_id`,`feed_id`,`feed_field`,`pligg_field`) values ('18','4','description','link_content');
Insert into `pligg_feed_link` (`feed_link_id`,`feed_id`,`feed_field`,`pligg_field`) values ('21','7','title','link_title');
Insert into `pligg_feed_link` (`feed_link_id`,`feed_id`,`feed_field`,`pligg_field`) values ('23','7','link','link_url');
Insert into `pligg_feed_link` (`feed_link_id`,`feed_id`,`feed_field`,`pligg_field`) values ('24','7','description','link_content');
Insert into `pligg_feed_link` (`feed_link_id`,`feed_id`,`feed_field`,`pligg_field`) values ('25','8','title','link_title');
Insert into `pligg_feed_link` (`feed_link_id`,`feed_id`,`feed_field`,`pligg_field`) values ('26','8','link','link_url');
Insert into `pligg_feed_link` (`feed_link_id`,`feed_id`,`feed_field`,`pligg_field`) values ('27','8','description','link_content');
Insert into `pligg_feed_link` (`feed_link_id`,`feed_id`,`feed_field`,`pligg_field`) values ('28','9','title','link_title');
Insert into `pligg_feed_link` (`feed_link_id`,`feed_id`,`feed_field`,`pligg_field`) values ('29','9','link','link_url');
Insert into `pligg_feed_link` (`feed_link_id`,`feed_id`,`feed_field`,`pligg_field`) values ('30','9','description','link_content');
Insert into `pligg_feed_link` (`feed_link_id`,`feed_id`,`feed_field`,`pligg_field`) values ('31','9','category','link_tags');
Insert into `pligg_feed_link` (`feed_link_id`,`feed_id`,`feed_field`,`pligg_field`) values ('35','12','title','link_title');
Insert into `pligg_feed_link` (`feed_link_id`,`feed_id`,`feed_field`,`pligg_field`) values ('36','12','link','link_url');
Insert into `pligg_feed_link` (`feed_link_id`,`feed_id`,`feed_field`,`pligg_field`) values ('37','12','description','link_content');
Insert into `pligg_feed_link` (`feed_link_id`,`feed_id`,`feed_field`,`pligg_field`) values ('39','13','title','link_title');
Insert into `pligg_feed_link` (`feed_link_id`,`feed_id`,`feed_field`,`pligg_field`) values ('41','13','link','link_url');
Insert into `pligg_feed_link` (`feed_link_id`,`feed_id`,`feed_field`,`pligg_field`) values ('42','13','description','link_content');
Insert into `pligg_feed_link` (`feed_link_id`,`feed_id`,`feed_field`,`pligg_field`) values ('43','14','title','link_title');
Insert into `pligg_feed_link` (`feed_link_id`,`feed_id`,`feed_field`,`pligg_field`) values ('44','14','link','link_url');
Insert into `pligg_feed_link` (`feed_link_id`,`feed_id`,`feed_field`,`pligg_field`) values ('45','14','description','link_content');
Insert into `pligg_feed_link` (`feed_link_id`,`feed_id`,`feed_field`,`pligg_field`) values ('46','15','title','link_title');
Insert into `pligg_feed_link` (`feed_link_id`,`feed_id`,`feed_field`,`pligg_field`) values ('47','15','link','link_url');
Insert into `pligg_feed_link` (`feed_link_id`,`feed_id`,`feed_field`,`pligg_field`) values ('48','15','summary','link_content');
Insert into `pligg_feeds` (`feed_id`,`feed_name`,`feed_url`,`feed_freq_hours`,`feed_votes`,`feed_submitter`,`feed_item_limit`,`feed_category`,`feed_url_dupe`,`feed_title_dupe`,`feed_status`,`feed_last_check`,`feed_random_vote_enable`,`feed_random_vote_min`,`feed_random_vote_max`,`feed_last_item_first`) values ('1','i-live','http://www.i-live.gr/feed/rss/','4','1','1','1','1','0','0','queued','2009-04-01 16:58:14','0','5','20','1');
Insert into `pligg_feeds` (`feed_id`,`feed_name`,`feed_url`,`feed_freq_hours`,`feed_votes`,`feed_submitter`,`feed_item_limit`,`feed_category`,`feed_url_dupe`,`feed_title_dupe`,`feed_status`,`feed_last_check`,`feed_random_vote_enable`,`feed_random_vote_min`,`feed_random_vote_max`,`feed_last_item_first`) values ('4','tech2','http://www.technews.gr/modules/rss/rss.php?feed=news','4','1','1','1','1','0','0','queued','2009-04-01 16:58:53','0','5','20','1');
Insert into `pligg_feeds` (`feed_id`,`feed_name`,`feed_url`,`feed_freq_hours`,`feed_votes`,`feed_submitter`,`feed_item_limit`,`feed_category`,`feed_url_dupe`,`feed_title_dupe`,`feed_status`,`feed_last_check`,`feed_random_vote_enable`,`feed_random_vote_min`,`feed_random_vote_max`,`feed_last_item_first`) values ('3','tech1','http://blog.tech-spot.gr/feed/','4','1','1','1','1','0','0','queued','2009-04-01 16:58:49','0','5','20','1');
Insert into `pligg_feeds` (`feed_id`,`feed_name`,`feed_url`,`feed_freq_hours`,`feed_votes`,`feed_submitter`,`feed_item_limit`,`feed_category`,`feed_url_dupe`,`feed_title_dupe`,`feed_status`,`feed_last_check`,`feed_random_vote_enable`,`feed_random_vote_min`,`feed_random_vote_max`,`feed_last_item_first`) values ('7','e-write','http://feeds2.feedburner.com/ewrite?format=xml','12','1','1','1','1','0','0','queued','2009-04-01 16:58:59','0','5','20','1');
Insert into `pligg_feeds` (`feed_id`,`feed_name`,`feed_url`,`feed_freq_hours`,`feed_votes`,`feed_submitter`,`feed_item_limit`,`feed_category`,`feed_url_dupe`,`feed_title_dupe`,`feed_status`,`feed_last_check`,`feed_random_vote_enable`,`feed_random_vote_min`,`feed_random_vote_max`,`feed_last_item_first`) values ('8','sportnet','http://www.sportnet.gr/rss/rss.aspx','12','1','1','1','1','0','0','queued','2009-04-01 10:43:08','0','5','20','1');
Insert into `pligg_feeds` (`feed_id`,`feed_name`,`feed_url`,`feed_freq_hours`,`feed_votes`,`feed_submitter`,`feed_item_limit`,`feed_category`,`feed_url_dupe`,`feed_title_dupe`,`feed_status`,`feed_last_check`,`feed_random_vote_enable`,`feed_random_vote_min`,`feed_random_vote_max`,`feed_last_item_first`) values ('9','flash.gr','http://www.flash.gr/rss.xml','12','1','1','1','1','0','0','queued','2009-04-01 10:43:07','0','5','20','1');
Insert into `pligg_feeds` (`feed_id`,`feed_name`,`feed_url`,`feed_freq_hours`,`feed_votes`,`feed_submitter`,`feed_item_limit`,`feed_category`,`feed_url_dupe`,`feed_title_dupe`,`feed_status`,`feed_last_check`,`feed_random_vote_enable`,`feed_random_vote_min`,`feed_random_vote_max`,`feed_last_item_first`) values ('12','troktiko','http://troktiko.blogspot.com/feeds/posts/default?alt=rss','12','1','1','1','1','0','0','queued','2009-04-01 12:07:32','0','5','20','1');
Insert into `pligg_feeds` (`feed_id`,`feed_name`,`feed_url`,`feed_freq_hours`,`feed_votes`,`feed_submitter`,`feed_item_limit`,`feed_category`,`feed_url_dupe`,`feed_title_dupe`,`feed_status`,`feed_last_check`,`feed_random_vote_enable`,`feed_random_vote_min`,`feed_random_vote_max`,`feed_last_item_first`) values ('13','preza tv','http://prezatv.blogspot.com/feeds/posts/default?alt=rss','12','1','1','1','1','0','0','queued','2009-04-01 16:59:04','0','5','20','1');
Insert into `pligg_feeds` (`feed_id`,`feed_name`,`feed_url`,`feed_freq_hours`,`feed_votes`,`feed_submitter`,`feed_item_limit`,`feed_category`,`feed_url_dupe`,`feed_title_dupe`,`feed_status`,`feed_last_check`,`feed_random_vote_enable`,`feed_random_vote_min`,`feed_random_vote_max`,`feed_last_item_first`) values ('14','sapioi','http://feeds2.feedburner.com/sapioi','12','1','1','1','1','0','0','queued','2009-04-01 16:59:08','0','5','20','1');
Insert into `pligg_feeds` (`feed_id`,`feed_name`,`feed_url`,`feed_freq_hours`,`feed_votes`,`feed_submitter`,`feed_item_limit`,`feed_category`,`feed_url_dupe`,`feed_title_dupe`,`feed_status`,`feed_last_check`,`feed_random_vote_enable`,`feed_random_vote_min`,`feed_random_vote_max`,`feed_last_item_first`) values ('15','godoal','http://www.trendsinlife.blogspot.com/atom.xml','12','1','1','1','1','0','0','queued','2009-04-02 02:09:23','0','5','20','1');
Insert into `pligg_files` (`file_id`,`file_name`,`file_size`,`file_user_id`,`file_link_id`,`file_orig_id`,`file_real_size`) values ('1','SS543~Headphone-Monkey-Posters.jpg','orig','1','1','0','27909');
Insert into `pligg_files` (`file_id`,`file_name`,`file_size`,`file_user_id`,`file_link_id`,`file_orig_id`,`file_real_size`) values ('2','monkey.png','orig','1','2','0','118632');
Insert into `pligg_files` (`file_id`,`file_name`,`file_size`,`file_user_id`,`file_link_id`,`file_orig_id`,`file_real_size`) values ('3','monkey40x40.jpg','40x40','1','2','2','1187');
Insert into `pligg_formulas` (`id`,`type`,`enabled`,`title`,`formula`) values ('1','report','1','Simple Story Reporting','$reports > $votes * 3');
Insert into `pligg_friends` (`friend_id`,`friend_from`,`friend_to`) values ('1','2','1');
Insert into `pligg_friends` (`friend_id`,`friend_from`,`friend_to`) values ('2','1','2');
Insert into `pligg_links` (`link_id`,`link_author`,`link_status`,`link_randkey`,`link_votes`,`link_reports`,`link_comments`,`link_karma`,`link_modified`,`link_date`,`link_published_date`,`link_category`,`link_lang`,`link_url`,`link_url_title`,`link_title`,`link_title_url`,`link_content`,`link_summary`,`link_tags`,`link_field1`,`link_field2`,`link_field3`,`link_field4`,`link_field5`,`link_field6`,`link_field7`,`link_field8`,`link_field9`,`link_field10`,`link_field11`,`link_field12`,`link_field13`,`link_field14`,`link_field15`,`link_group_id`,`link_out`) values ('1','1','published','1094945','2','1','0','1.00','2009-03-31 23:31:32','2009-03-31 12:13:14','2009-03-31 12:59:22','1','1','http://www.technews.gr/modules/news/article.php?storyid=3041','Δούρειοι ίπποι παγιδεύουν το λογισμικό των ΑΤΜs - SOFTWARE - Ειδήσεις :: Technews.gr','Δούρειοι ίπποι παγιδεύουν το λογισμικό των ΑΤΜs - SOFTWARE - Ειδήσεις :: Technews.gr','deltaomicronύrhoepsiloniotaomicroniota-ίpipiomicroniota-pialphagammaiotadeltaepsilonύomicronupsilonnu-tauomicron-lambdaomicrongammaiotasigmamuiotakappaό-tauomeganu-alphataumus---software---epsiloniotadeltaήsigmaepsiloniotasigmaf--technews-gr','Οι ερευνητές ασφαλείας της Sophos ανακάλυψαν ένα εξελιγμένου τύπου κακόβουλο λογισμικό (malware) που αντλεί πολύτιμες πληροφορίες των τραπεζικών καρτών όπως τα στοιχεία του κατόχου της, το νούμερο και pin της κάρτας, τους λογαριασμούς και τις πληρωμές που είναι συνδεδεμένοι με την κάρτα κλπ, μέσω του λειτουργικού συστήματος των αυτόματων ταμειακών μηχανών (ΑΤΜ). Το κακόβουλο λογισμικό αρχικά εντοπίστηκε στο Agilis 91x της εταιρείας Diebold αλλά αργότερα και σε άλλους κατασκευαστές.','Οι ερευνητές ασφαλείας της Sophos ανακάλυψαν ένα εξελιγμένου τύπου κακόβουλο λογισμικό (malware) που αντλεί πολύτιμες πληροφορίες των τραπεζικών καρτών όπως τα στοιχεία του κατόχου της, το νούμερο και pin της κάρτας, τους λογαριασμούς και τις πληρωμές που είναι συνδεδεμένοι με την κάρτα κλπ, μέσω του λειτουργικού συστήματος των αυτόματων ταμειακών μηχανών (ΑΤΜ). Το κακόβουλο λογισμικό αρχικά εντο','technology, security','','','','','','','','','','','','','','','','0','0');
Insert into `pligg_links` (`link_id`,`link_author`,`link_status`,`link_randkey`,`link_votes`,`link_reports`,`link_comments`,`link_karma`,`link_modified`,`link_date`,`link_published_date`,`link_category`,`link_lang`,`link_url`,`link_url_title`,`link_title`,`link_title_url`,`link_content`,`link_summary`,`link_tags`,`link_field1`,`link_field2`,`link_field3`,`link_field4`,`link_field5`,`link_field6`,`link_field7`,`link_field8`,`link_field9`,`link_field10`,`link_field11`,`link_field12`,`link_field13`,`link_field14`,`link_field15`,`link_group_id`,`link_out`) values ('2','1','published','3928251','2','0','0','1.00','2009-03-31 12:41:38','2009-03-31 12:35:30','2009-03-31 12:37:12','1','1','http://www.zougla.gr/news.php?id=31979','Zougla online - Ανάληψη ευθύνης για το εμπρηστικό μπαράζ','Zougla online - Ανάληψη ευθύνης για το εμπρηστικό μπαράζ','zougla-online---alphanuάlambdaetapsieta-epsilonupsilonthetaύnuetasigmaf-gammaiotaalpha-tauomicron-epsilonmupirhoetasigmatauiotakappaό-mupialpharhoάzeta','Η οργάνωση «Ομάδες Διάχυσης Μητροπολιτικής Βίας» ανέλαβε την ευθύνη για το χθεσινοβραδινό μπαράζ εμπρηστικών επιθέσεων στην Αθήνα. Με επιστολή της, που δημοσιεύεται στην ιστοσελίδα «athens.indymedia.org», η οργάνωση αφιερώνει την επίθεση στον Γιώργο Βούτση- Βογιατζή, ο οποίος δικάζεται αύριο για την ένοπλη ληστεία που διέπραξε στην Εθνική Τράπεζα στου Γκύζη.','Η οργάνωση «Ομάδες Διάχυσης Μητροπολιτικής Βίας» ανέλαβε την ευθύνη για το χθεσινοβραδινό μπαράζ εμπρηστικών επιθέσεων στην Αθήνα. Με επιστολή της, που δημοσιεύεται στην ιστοσελίδα «athens.indymedia.org», η οργάνωση αφιερώνει την επίθεση στον Γιώργο Βούτση- Βογιατζή, ο οποίος δικάζεται αύριο για την ένοπλη ληστεία που διέπραξε στην Εθνική Τράπεζα στου Γκύζη.','ελλάδα','','','','','','','','','','','','','','','','0','0');
Insert into `pligg_links` (`link_id`,`link_author`,`link_status`,`link_randkey`,`link_votes`,`link_reports`,`link_comments`,`link_karma`,`link_modified`,`link_date`,`link_published_date`,`link_category`,`link_lang`,`link_url`,`link_url_title`,`link_title`,`link_title_url`,`link_content`,`link_summary`,`link_tags`,`link_field1`,`link_field2`,`link_field3`,`link_field4`,`link_field5`,`link_field6`,`link_field7`,`link_field8`,`link_field9`,`link_field10`,`link_field11`,`link_field12`,`link_field13`,`link_field14`,`link_field15`,`link_group_id`,`link_out`) values ('3','1','published','5852730','2','0','0','1.00','2009-03-31 21:20:33','2009-03-31 18:54:56','2009-03-31 19:05:24','1','1','http://www.contra.gr/Motorsport/World/Formula1/index.html','Μηχανοκίνητα - Κόσμος - Φόρμουλα 1 - Contra.gr','Μηχανοκίνητα - Κόσμος - Φόρμουλα 1 - Contra.gr','muetachialphanuomicronkappaίnuetataualpha---kappaόsigmamuomicronsigmaf---phiόrhomuomicronupsilonlambdaalpha-1---contra-gr','Παρά τη μεγάλη του νίκη στο γκραν πρι της Αυστραλίας, ο Jenson Button παραμένει προσγειωμένος και αναφέρει ότι ο ανταγωνισμός για τη Brawn GP θα είναι πολύ πιο σκληρός στη συνέχεια του πρωταθλήματος, καθώς υπάρχουν αρκετά περιθώρια βελτίωσης για όλες τις ομάδες.','Παρά τη μεγάλη του νίκη στο γκραν πρι της Αυστραλίας, ο Jenson Button παραμένει προσγειωμένος και αναφέρει ότι ο ανταγωνισμός για τη Brawn GP θα είναι πολύ πιο σκληρός στη συνέχεια του πρωταθλήματος, καθώς υπάρχουν αρκετά περιθώρια βελτίωσης για όλες τις ομάδες.','formula 1, racing','','','','','','','','','','','','','','','','0','0');
Insert into `pligg_links` (`link_id`,`link_author`,`link_status`,`link_randkey`,`link_votes`,`link_reports`,`link_comments`,`link_karma`,`link_modified`,`link_date`,`link_published_date`,`link_category`,`link_lang`,`link_url`,`link_url_title`,`link_title`,`link_title_url`,`link_content`,`link_summary`,`link_tags`,`link_field1`,`link_field2`,`link_field3`,`link_field4`,`link_field5`,`link_field6`,`link_field7`,`link_field8`,`link_field9`,`link_field10`,`link_field11`,`link_field12`,`link_field13`,`link_field14`,`link_field15`,`link_group_id`,`link_out`) values ('4','1','published','1589465','2','0','0','1.00','2009-03-31 21:20:14','2009-03-31 19:57:12','2009-03-31 21:20:14','1','1','http://www.i-live.gr/2009/04/01/simulation-of-mars-journey/','Πείραμα προσομοίωσης επανδρωμένης αποστολής στον Άρη','Πείραμα προσομοίωσης επανδρωμένης αποστολής στον Άρη','piepsilonίrhoalphamualpha-pirhoomicronsigmaomicronmuomicronίomegasigmaetasigmaf-epsilonpialphanudeltarhoomegamuέnuetasigmaf-alphapiomicronsigmatauomicronlambdaήsigmaf-sigmatauomicronnu-άrhoeta','Ειδήσεις Τεχνολογία:<br />  <br />Ένα πείραμα για το αν ο άνθρωπος μπορεί να αντέξει ψυχολογικά και σωματικά ένα ταξίδι στον Άρη ξεκίνησε πριν λίγες μέρες στην Μόσχα. Έξι εθελοντές από Ρωσσία, Γερμανία και Γαλλία τοποθετήθηκαν μέσα σε μία κάψουλα σε μια προσπάθεια προσομοίωσης μίας επανδρωμένης αποστολής στον κόκκινο πλανήτη, η οποία ...','Ειδήσεις Τεχνολογία:  Ένα πείραμα για το αν ο άνθρωπος μπορεί να αντέξει ψυχολογικά και σωματικά ένα ταξίδι στον Άρη ξεκίνησε πριν λίγες μέρες στην Μόσχα. Έξι εθελοντές από Ρωσσία, Γερμανία και Γαλλία τοποθετήθηκαν μέσα σε μία κάψουλα σε μια προσπάθεια προσομοίωσης μίας επανδρωμένης αποστολής στον κόκκινο πλανήτη, η οποία ...',', , , , , ','','','','','','','','','','','','','','','','0','0');
Insert into `pligg_links` (`link_id`,`link_author`,`link_status`,`link_randkey`,`link_votes`,`link_reports`,`link_comments`,`link_karma`,`link_modified`,`link_date`,`link_published_date`,`link_category`,`link_lang`,`link_url`,`link_url_title`,`link_title`,`link_title_url`,`link_content`,`link_summary`,`link_tags`,`link_field1`,`link_field2`,`link_field3`,`link_field4`,`link_field5`,`link_field6`,`link_field7`,`link_field8`,`link_field9`,`link_field10`,`link_field11`,`link_field12`,`link_field13`,`link_field14`,`link_field15`,`link_group_id`,`link_out`) values ('5','1','published','1518210','3','1','0','1.00','2009-03-31 23:12:23','2009-03-31 20:06:40','2009-03-31 21:20:43','1','1','http://blog.tech-spot.gr/2009/03/31/2681/','Παρουσίαση Synology DS207+ Network Attached Storage','Παρουσίαση Synology DS207+ Network Attached Storage','pialpharhoomicronupsilonsigmaίalphasigmaeta-synology-ds207-network-attached-storage','Network Attached Storage ονομάζεται κάθε λύση αποθήκευσης που λειτουργεί εντελώς αυτόνομα, δηλαδή δεν χρειάζεται κάποιου είδους software και σύνδεση με κάποιον υπολογιστή και προσφέρει τον αποθηκευτικό χώρο του, μέσω δικτύου. Πιο απλά, ας το φανταστούμε σαν εναν εξωτερικό σκληρό δίσκο.<br />Εφόσον η πρόσβαση γίνεται μέσω δικτύου, η συσκευή NAS θα πρέπει να είναι ενα ενεργό στοιχείο [...]','Network Attached Storage ονομάζεται κάθε λύση αποθήκευσης που λειτουργεί εντελώς αυτόνομα, δηλαδή δεν χρειάζεται κάποιου είδους software και σύνδεση με κάποιον υπολογιστή και προσφέρει τον αποθηκευτικό χώρο του, μέσω δικτύου. Πιο απλά, ας το φανταστούμε σαν εναν εξωτερικό σκληρό δίσκο.Εφόσον η πρόσβαση γίνεται μέσω δικτύου, η συσκευή NAS θα πρέπει να είναι ενα ενεργό στοιχείο [...]',', synology, ds, network, attached, storage','','','','','','','','','','','','','','','','0','0');
Insert into `pligg_links` (`link_id`,`link_author`,`link_status`,`link_randkey`,`link_votes`,`link_reports`,`link_comments`,`link_karma`,`link_modified`,`link_date`,`link_published_date`,`link_category`,`link_lang`,`link_url`,`link_url_title`,`link_title`,`link_title_url`,`link_content`,`link_summary`,`link_tags`,`link_field1`,`link_field2`,`link_field3`,`link_field4`,`link_field5`,`link_field6`,`link_field7`,`link_field8`,`link_field9`,`link_field10`,`link_field11`,`link_field12`,`link_field13`,`link_field14`,`link_field15`,`link_group_id`,`link_out`) values ('6','1','queued','2448007','1','0','0','1.00','2009-03-31 20:12:48','2009-03-31 20:12:48','1999-11-30 00:00:00','1','1','http://www.technews.gr/modules/news/article.php?storyid=3045','Η Western Digital εξαγοράζει την SiliconSystems, μπαίνει στο χώρο των SSD','Η Western Digital εξαγοράζει την SiliconSystems, μπαίνει στο χώρο των SSD','eta-western-digital-epsilonxialphagammaomicronrhoάzetaepsiloniota-tauetanu-siliconsystems-mupialphaίnuepsiloniota-sigmatauomicron-chiώrhoomicron-tauomeganu-ssd','Η Western Digital είναι πασύγνωστη στο χώρο των σκληρών δίσκων, με μια από τις πιο πλήρεις γκάμες που υπάρχουν. Από τα προϊόντα της όμως έλειπε κάτι. Δεν υπήρχαν δίσκοι SolidState. Περιμένοντας υπομονετικά, και παρακολουθώντας την αγορά η WD αποφάσισε ότι...','Η Western Digital είναι πασύγνωστη στο χώρο των σκληρών δίσκων, με μια από τις πιο πλήρεις γκάμες που υπάρχουν. Από τα προϊόντα της όμως έλειπε κάτι. Δεν υπήρχαν δίσκοι SolidState. Περιμένοντας υπομονετικά, και παρακολουθώντας την αγορά η WD αποφάσισε ότι...',', western, digital, , , siliconsystems,, , , , , ssd','','','','','','','','','','','','','','','','0','0');
Insert into `pligg_links` (`link_id`,`link_author`,`link_status`,`link_randkey`,`link_votes`,`link_reports`,`link_comments`,`link_karma`,`link_modified`,`link_date`,`link_published_date`,`link_category`,`link_lang`,`link_url`,`link_url_title`,`link_title`,`link_title_url`,`link_content`,`link_summary`,`link_tags`,`link_field1`,`link_field2`,`link_field3`,`link_field4`,`link_field5`,`link_field6`,`link_field7`,`link_field8`,`link_field9`,`link_field10`,`link_field11`,`link_field12`,`link_field13`,`link_field14`,`link_field15`,`link_group_id`,`link_out`) values ('7','1','published','7499309','2','0','0','1.00','2009-04-01 09:54:08','2009-04-01 09:53:26','2009-04-01 09:54:08','1','1','http://www.i-live.gr/2009/04/01/zaxariou-court-case/','Ο Π. Ζαχαρίου αφέθηκε ελεύθερος με περιοριστικούς όρους','Ο Π. Ζαχαρίου αφέθηκε ελεύθερος με περιοριστικούς όρους','omicron-pi--zetaalphachialpharhoίomicronupsilon-alphaphiέthetaetakappaepsilon-epsilonlambdaepsilonύthetaepsilonrhoomicronsigmaf-muepsilon-piepsilonrhoiotaomicronrhoiotasigmatauiotakappaomicronύsigmaf-όrhoomicronupsilonsigmaf','Ειδήσεις Ελλάδα:<br />  <br />Ελεύθερος με περιοριστικούς όρους αφέθηκε ο Παναγιώτης Ζαχαρίου, με τη σύμφωνη γνώμη ανακριτή και εισαγγελέα.<br /><br />Μετά την τρίωρη απολογία του στον ανακριτή, ο κ. Ζαχαρίου αφέθηκε ελεύθερος με την καταβολή χρηματικής εγγύησης 30.000 ευρώ, ενώ του απαγορεύτηκε η έξοδος από τη χώρα.<br /><br />Μετά την απολογία του στον ανακριτή, ο ...','Ειδήσεις Ελλάδα:  Ελεύθερος με περιοριστικούς όρους αφέθηκε ο Παναγιώτης Ζαχαρίου, με τη σύμφωνη γνώμη ανακριτή και εισαγγελέα.Μετά την τρίωρη απολογία του στον ανακριτή, ο κ. Ζαχαρίου αφέθηκε ελεύθερος με την καταβολή χρηματικής εγγύησης 30.000 ευρώ, ενώ του απαγορεύτηκε η έξοδος από τη χώρα.Μετά την απολογία του στον ανακριτή, ο ...',', , , , , , , ','','','','','','','','','','','','','','','','0','0');
Insert into `pligg_links` (`link_id`,`link_author`,`link_status`,`link_randkey`,`link_votes`,`link_reports`,`link_comments`,`link_karma`,`link_modified`,`link_date`,`link_published_date`,`link_category`,`link_lang`,`link_url`,`link_url_title`,`link_title`,`link_title_url`,`link_content`,`link_summary`,`link_tags`,`link_field1`,`link_field2`,`link_field3`,`link_field4`,`link_field5`,`link_field6`,`link_field7`,`link_field8`,`link_field9`,`link_field10`,`link_field11`,`link_field12`,`link_field13`,`link_field14`,`link_field15`,`link_group_id`,`link_out`) values ('8','1','queued','6337352','1','0','0','1.00','2009-04-01 09:53:32','2009-04-01 09:53:32','1999-11-30 00:00:00','1','1','http://blog.tech-spot.gr/2009/04/01/2711/','Νέα εμφάνιση για το Tech-Spot','Νέα εμφάνιση για το Tech-Spot','nuέalpha-epsilonmuphiάnuiotasigmaeta-gammaiotaalpha-tauomicron-tech-spot','Αν και προσωπική δημιουργία, το παλιό theme του Tech-Spot με είχε κουράσει και έψαχνα εδώ και καιρό κάτι πιο συμβατό με τις ανανεωμένες απαιτήσεις μου. Το προηγούμενο στήσιμο, περιόριζε αρκετά τη χρησικότητα και την αναγνωσιμότητα παλαιότερων αναρτήσεων.<br />Ελπίζω να σας ικανοποιεί περισσότερο η νέα εμφάνιση και να σας παρέχει τελικά, περισσότερη πληροφορία. Υπάρχουν κάποια μικρά bugs [...]','Αν και προσωπική δημιουργία, το παλιό theme του Tech-Spot με είχε κουράσει και έψαχνα εδώ και καιρό κάτι πιο συμβατό με τις ανανεωμένες απαιτήσεις μου. Το προηγούμενο στήσιμο, περιόριζε αρκετά τη χρησικότητα και την αναγνωσιμότητα παλαιότερων αναρτήσεων.Ελπίζω να σας ικανοποιεί περισσότερο η νέα εμφάνιση και να σας παρέχει τελικά, περισσότερη πληροφορία. Υπάρχουν κάποια μικρά bugs [...]',', , , , techspot','','','','','','','','','','','','','','','','0','0');
Insert into `pligg_links` (`link_id`,`link_author`,`link_status`,`link_randkey`,`link_votes`,`link_reports`,`link_comments`,`link_karma`,`link_modified`,`link_date`,`link_published_date`,`link_category`,`link_lang`,`link_url`,`link_url_title`,`link_title`,`link_title_url`,`link_content`,`link_summary`,`link_tags`,`link_field1`,`link_field2`,`link_field3`,`link_field4`,`link_field5`,`link_field6`,`link_field7`,`link_field8`,`link_field9`,`link_field10`,`link_field11`,`link_field12`,`link_field13`,`link_field14`,`link_field15`,`link_group_id`,`link_out`) values ('9','1','published','2648536','2','0','0','1.00','2009-04-01 14:48:24','2009-04-01 09:53:39','2009-04-01 14:48:24','1','1','http://www.technews.gr/modules/news/article.php?storyid=3044','Τellas Telephony 400: Μόνο με 19,90€','Τellas Telephony 400: Μόνο με 19,90€','tauellas-telephony-400-muόnuomicron-muepsilon-1990euro','Με νέα επικοινωνιακή καμπάνια με βασικό μήνυμα «ό,τι πραγματικά ζητάς» και χαρακτηριστικά στοιχεία τα απλά και ξεκάθαρα μηνύματα η Tellas προσφέρει στους καταναλωτές μία νέα πρόταση σταθερής τηλεφωνίας, την υπηρεσία Tellas Telephony 400 για ακόμη...','Με νέα επικοινωνιακή καμπάνια με βασικό μήνυμα «ό,τι πραγματικά ζητάς» και χαρακτηριστικά στοιχεία τα απλά και ξεκάθαρα μηνύματα η Tellas προσφέρει στους καταναλωτές μία νέα πρόταση σταθερής τηλεφωνίας, την υπηρεσία Tellas Telephony 400 για ακόμη...','ellas, telephony, , , , ,','','','','','','','','','','','','','','','','0','0');
Insert into `pligg_links` (`link_id`,`link_author`,`link_status`,`link_randkey`,`link_votes`,`link_reports`,`link_comments`,`link_karma`,`link_modified`,`link_date`,`link_published_date`,`link_category`,`link_lang`,`link_url`,`link_url_title`,`link_title`,`link_title_url`,`link_content`,`link_summary`,`link_tags`,`link_field1`,`link_field2`,`link_field3`,`link_field4`,`link_field5`,`link_field6`,`link_field7`,`link_field8`,`link_field9`,`link_field10`,`link_field11`,`link_field12`,`link_field13`,`link_field14`,`link_field15`,`link_group_id`,`link_out`) values ('10','1','queued','4535098','1','0','0','1.00','2009-04-01 10:28:16','2009-04-01 10:28:16','1999-11-30 00:00:00','1','1','http://www.e-write.gr/posts/649','Ας  μορφ-ωθούμε…','Ας  μορφ-ωθούμε…','alphasigmaf--muomicronrhophi-omegathetaomicronύmuepsilonhellip','Οι διανοούμενοι που άλλοτε ήταν σαν εθνικοί σταρ, με διεθνή ακτινοβολία, αραίωσαν. Τη θέση τους πήραν επιφυλλιδογράφοι με το κομμάτι και έμπειροι παλαιοί δημοσιογράφοι. Εφημερίδες αντί για βιβλία. <br />Ακόμα και τους μαρξιστές οικονομολόγους δυσκολεύεσαι να ξεχωρίσεις από τους επαγγελματίες του οικονομικού ρεπορτάζ. Τα δε επαγγελματικά στελέχη της αριστεράς ανατρέχουν σε κλασικές πηγές των αρχών του εικοστού αιώνα, για να βρουν πολιτικές απαντήσεις στα προβλήματα του σήμερα. Με τον ίδιο τρόπο που δανείζονται πολιτικές  πλατφόρμες από αδελφά κόμματα άλλων χωρών, άλλων συνθηκών, άλλων προταγμάτων και προτεραιοτήτων.<br />Εντωμεταξύ, εμείς ψαχνόμαστε μεταξύ μας κι είμαστε πάντα οι ίδιοι κι οι ίδιοι και πάντα μειοψηφικά λίγοι. Κι όταν βρισκόμαστε, αν δεν μας ζαλίσει η ρετσίνα, σπάνια χωρίζουμε πλουσιότεροι. Λες και ψάχνουμε ακροατήριο για τους μονολόγους μας ή το μεθύσι. <br />Στην πλειονότητα μας, στις σύγχρονες κοινωνίες, ψάχνουμε ενεργητικά πλέον την παθητικότητα. Όχι μόνο του βυθίσματος στον καναπέ και της τηλε-αποχαύνωσης, αλλά της συνειδητής άρνησης να «την» ψάξουμε.  <br />Ολόκληρη η κουλτούρα της κατανάλωσης στηρίζεται και μας διαμόρφωσε σ’αυτό. Η απόφαση της αγοράς ενός προιόντος γίνεται περισσότερο με συνειρμικές εικόνες, παρά με τη λογική και τις πληροφορίες. Τα φιλικά στον χρήστη προιόντα και interfaces κρύβουν τέλεια την λογική της λειτουργίας τους. Δεν χρειάζεται να ξέρεις ούτε τα «από πίσω», ούτε τα ψιλά γράμματα.<br />Αλλά ούτε και το διδαχθήκαμε το ψάξιμο. Το αντίθετο μάλιστα.<br />Επίσης, τα εξαντλητικά ωράρια εργασίας δεν μας αφήνουν και τον χρόνο. Παρόλο που ο αυτοματισμός θεωρητικά θα απελευθέρωνε τον άνθρωπο από την κοπιαστική εργασία. Το ψάξιμο, όμως, χρειάζεται και χρόνο και ξεκούραστο κορμί. <br />Αλλά, δεν είναι οι γκουρού που μας λείπουν. Χορτάσαμε και από τις αυθεντίες. Να «μορφ-»ωθούμε είναι το ζητούμενο. Να πάρουμε δηλ.μορφή, με συγκεκριμένες απόψεις, συμπεριφορές και πολιτική λειτουργία. Κι αυτό γίνεται μόνο όταν «αναμετράσαι» δημοσίως με άλλους μορφωμένους ανθρώπους. Τότε καταλαβαίνεις τα κενά σου, τα λάθη σου και γίνεσαι συναισθηματικά πλουσιότερος. <br />Μετά το ’60 σιγά-σιγά χαθήκαμε στο life style. H πολιτική κυριαρχία του χρηματιστικού κεφαλαίου, η είσοδος της μικροηλεκτρονικής στην παραγωγή και η παγκοσμιοποίηση της παραγωγής και του εμπορίου, αντιστοιχήθηκαν σε νέες παραγωγικές σχέσεις, οι οποίες απαίτησαν και διαμόρφωσαν μια άλλη κουλτούρα. Η μεταρρύθμιση στην Κίνα και η πτώση του «σιδηρού παραπετάσματος» ενίσχυσαν απλώς την κυριαρχία της νέας αυτής κουλτούρας.<br />Μεσούσης της οικονομικής κρίσης, σήμερα, τρέμουμε μπροστά στις ενδεχόμενες απαντήσεις που μπορεί να βρει -ερήμην μας- η παγκόσμια άρχουσα τάξη. Σεναριολογούμε αν θα είναι ένας τρίτος παγκόσμιος ή μικροί περιφερειακοί οι πόλεμοι που θα βγάλουν το σύστημα από την τρέχουσα κρίση. Ανίκανοι να αντιστοιχήσουμε τον πόνο που νοιώθουμε από την απώλεια ενός μόνο δικού μας ανθρώπου με τον θάνατο χιλιάδων (Ιράκ, Σερβία, Αφρική,..) ή εκατομμυρίων συνανθρώπων μας (Β’Παγκόσμιος). Διασκεδάζουμε βλέποντας ταινίες όπως «το κύμα», χωρίς να ψαχνόμαστε πραγματικά για το πώς σπάει επιτέλους αυτό το αυγό του φιδιού του φασισμού.<br />Μας έπεισαν ότι είμαστε ανίκανοι να καταλάβουμε. «Ο κόσμος έγινε πολύπλοκος, οι επιστήμες πολλές και μ’ατέλειωτες υποειδικότητες…». Μας επέβαλαν και το μοντέλο του σοβαρού ακαδημαικού, σύμφωνα με το οποίο για να μιλήσεις πρέπει να κατέχεις και την ορολογία και την μεθοδολογία. Μπούρδες. <br />Μια γαζώτρια στην Αργεντινή, σ’ένα απαλλοτριωμένο αυτοδιαχειριζόμενο εργοστάσιο κατασκευής ρούχων είπε με περισσή άνεση και αυτοπεποίθηση περίπου το εξής: “Τελικά δεν είναι δύσκολο να διοικήσεις ένα εργοστάσιο. Τζάμπα φοβόμασταν το πώς και το τι θα κάναμε. Από τις εισπράξεις αφαιρούμε όλα τα έξοδα μας, μετά τους μισθούς μας και ότι περισσεύει αποφασίζουμε συλλογικά πως θα το διαθέσουμε. Δεν φαντάζομαι ότι αλλάζουν πολύ τα πράγματα και με τη διοίκηση του κράτους».Κάποιοι καθημερινοί άνθρωποι εκεί ξεπέρασαν τα προβλήματά τους και μίλησαν στους συναδέλφους τους. Κλήθηκαν να λύσουν το πρόβλημα της επιβίωσης και κτύπησαν τον γόρδιο δεσμό των λογικών του συστήματος με την απαλλοτρίωση ενός κλειστού εργοστασίου. <br />Αυτό ακριβώς καλούμαστε να κάνουμε και μείς. Να ξεπεράσουμε τις αδυναμίες μας, να «μορφ-»ωθούμε ως άτομα και να μιλήσουμε μεταξύ μας. Διαβάζοντας και «συζητώντας» με συγγραφείς που έζησαν εδώ ή αλλού και που δούλεψαν θέματα, για μας, πριν από μας. Εμείς, οι κοινοί θνητοί, να σχολιάζουμε τις αυθεντίες, με όλο το σεβασμό, αλλά και με θράσος. Χωρίς να είμαστε διανοούμενοι. Γιατί το ζητούμενο ήταν και είναι πάντα, να βρισκόμαστε, να αναλύουμε τα θέματα της ζωής, να συνθέτουμε και να πράττουμε.','Οι διανοούμενοι που άλλοτε ήταν σαν εθνικοί σταρ, με διεθνή ακτινοβολία, αραίωσαν. Τη θέση τους πήραν επιφυλλιδογράφοι με το κομμάτι και έμπειροι παλαιοί δημοσιογράφοι. Εφημερίδες αντί για βιβλία. Ακόμα και τους μαρξιστές οικονομολόγους δυσκολεύεσαι να ξεχωρίσεις από τους επαγγελματίες του οικονομικού ρεπορτάζ. Τα δε επαγγελματικά στελέχη της αριστεράς ανατρέχουν σε κλασικές πηγές των αρχών του ε',', ','','','','','','','','','','','','','','','','0','0');
Insert into `pligg_links` (`link_id`,`link_author`,`link_status`,`link_randkey`,`link_votes`,`link_reports`,`link_comments`,`link_karma`,`link_modified`,`link_date`,`link_published_date`,`link_category`,`link_lang`,`link_url`,`link_url_title`,`link_title`,`link_title_url`,`link_content`,`link_summary`,`link_tags`,`link_field1`,`link_field2`,`link_field3`,`link_field4`,`link_field5`,`link_field6`,`link_field7`,`link_field8`,`link_field9`,`link_field10`,`link_field11`,`link_field12`,`link_field13`,`link_field14`,`link_field15`,`link_group_id`,`link_out`) values ('11','1','published','291143','2','0','0','1.00','2009-04-01 14:48:47','2009-04-01 10:40:29','2009-04-01 14:48:47','1','1','http://www.sportnet.gr/report.aspx?id=184296','ΚΥΠΕΛΛΟ ΕΛΛΑΔΑΣ Συνέντευξη χωρίς τον Ολυμπιακό','ΚΥΠΕΛΛΟ ΕΛΛΑΔΑΣ Συνέντευξη χωρίς τον Ολυμπιακό','kappaupsilonpiepsilonlambdalambdaomicron-epsilonlambdalambdaalphadeltaalphasigma-sigmaupsilonnuέnutauepsilonupsilonxieta-chiomegarhoίsigmaf-tauomicronnu-omicronlambdaupsilonmupiiotaalphakappaό','Συνέντευξη Τύπου εν όψει της διεξαγωγής του τελικού Κυπέλλου ανδρών, που θα πραγματοποιηθεί το Σάββατο, 4 Απριλίου, στις 19.00 στο κλειστό γυμναστήριο Φαλήρου έγινε την Τρίτη στο γήπεδο, όπου θα φιλοξενηθεί ο αγώνας.<br />&#160;','Συνέντευξη Τύπου εν όψει της διεξαγωγής του τελικού Κυπέλλου ανδρών, που θα πραγματοποιηθεί το Σάββατο, 4 Απριλίου, στις 19.00 στο κλειστό γυμναστήριο Φαλήρου έγινε την Τρίτη στο γήπεδο, όπου θα φιλοξενηθεί ο αγώνας.&#160;',', , , , , ','','','','','','','','','','','','','','','','0','0');
Insert into `pligg_links` (`link_id`,`link_author`,`link_status`,`link_randkey`,`link_votes`,`link_reports`,`link_comments`,`link_karma`,`link_modified`,`link_date`,`link_published_date`,`link_category`,`link_lang`,`link_url`,`link_url_title`,`link_title`,`link_title_url`,`link_content`,`link_summary`,`link_tags`,`link_field1`,`link_field2`,`link_field3`,`link_field4`,`link_field5`,`link_field6`,`link_field7`,`link_field8`,`link_field9`,`link_field10`,`link_field11`,`link_field12`,`link_field13`,`link_field14`,`link_field15`,`link_group_id`,`link_out`) values ('12','1','queued','417719','1','0','0','1.00','2009-04-01 10:48:07','2009-04-01 10:48:07','1999-11-30 00:00:00','1','1','http://www.flash.gr/page.ashx?pid=9&cid=1&aid=292214','\"Λουκέτο\" λόγω της 24ωρης γενικής απεργίας της ΓΣΕΕ- ΑΔΕΔΥ','\"Λουκέτο\" λόγω της 24ωρης γενικής απεργίας της ΓΣΕΕ- ΑΔΕΔΥ','lambdaomicronupsilonkappaέtauomicron-lambdaόgammaomega-tauetasigmaf-24omegarhoetasigmaf-gammaepsilonnuiotakappaήsigmaf-alphapiepsilonrhogammaίalphasigmaf-tauetasigmaf-gammasigmaepsilonepsilon--alphadeltaepsilondeltaupsilon','Παραλύουν την Πεμπτη δημόσιος τομέας, υπηρεσίες και συγκοινωνίες στο πλαίσιο της 24ωρης απεργίας που ΓΣΕΕ και ΑΔΕΔΥ. Στην<br />κινητοποίηση καλούνται να λάβουν μέρος και οι εργαζόμενοι στον ιδιωτικό<br />τομέα. Απεργία και στα μέσα ενημέρωσης. Συγκεντρώσεις στο Πεδίον Αρεως και στην Ομόνοια. ','Παραλύουν την Πεμπτη δημόσιος τομέας, υπηρεσίες και συγκοινωνίες στο πλαίσιο της 24ωρης απεργίας που ΓΣΕΕ και ΑΔΕΔΥ. Στηνκινητοποίηση καλούνται να λάβουν μέρος και οι εργαζόμενοι στον ιδιωτικότομέα. Απεργία και στα μέσα ενημέρωσης. Συγκεντρώσεις στο Πεδίον Αρεως και στην Ομόνοια. ','Ελλάδα','','','','','','','','','','','','','','','','0','0');
Insert into `pligg_links` (`link_id`,`link_author`,`link_status`,`link_randkey`,`link_votes`,`link_reports`,`link_comments`,`link_karma`,`link_modified`,`link_date`,`link_published_date`,`link_category`,`link_lang`,`link_url`,`link_url_title`,`link_title`,`link_title_url`,`link_content`,`link_summary`,`link_tags`,`link_field1`,`link_field2`,`link_field3`,`link_field4`,`link_field5`,`link_field6`,`link_field7`,`link_field8`,`link_field9`,`link_field10`,`link_field11`,`link_field12`,`link_field13`,`link_field14`,`link_field15`,`link_group_id`,`link_out`) values ('13','1','published','501370','2','0','0','1.00','2009-04-01 14:48:12','2009-04-01 12:12:32','2009-04-01 14:48:12','1','1','http://troktiko.blogspot.com/2009/04/blog-post_761.html','Πήγε ο Μουτσινάς στο \"καλό παιδί\" τον Αρναούτογλου','Πήγε ο Μουτσινάς στο \"καλό παιδί\" τον Αρναούτογλου','piήgammaepsilon-omicron-muomicronupsilontausigmaiotanuάsigmaf-sigmatauomicron-kappaalphalambdaό-pialphaiotadeltaί-tauomicronnu-alpharhonualphaomicronύtauomicrongammalambdaomicronupsilon','Τον πραγματικό του χαρακτήρα έδειξε ο Αρναούτογλου σήμερα που είχε καλεσμένο τον Μουτσινά. Έπεσε η μάσκα του Αρναούτογλου ως καλό παιδί. Αυτά που του έλεγε δήθεν ως καλοπροαίρετες ερωτήσεις έβρισκαν τοίχο στον ετοιμόλογο Μουτσινά. Θα βρούμε το βίντεο και θα καταλάβετε γιατί λέμε \"δήθεν καλό παιδί\" φαίνεται καθαρά πως μιλάει ο original Μουτσινάς και δεν μπορεί να τον πιάσει πουθενά ο δήθεν Αρναούτογλου. Στην τελική καλεσμένος σου είναι πρέπει να του μιλήσεις πιο ευγενικά.ΔΙΑΒΑΣΤΕ ΑΠΟΣΠΑΣΜΑ ΑΠΟ ΑΥΤΑ ΠΟΥ ΕΙΠΩΘΗΚΑΝ- \"Μετάνιωσες που έφυγες από το MEGA;\"- \"Όχι\"- \"Αν σου γινόταν πρόταση να γυρίσεις στον \"Όμορφο κόσμο\" θα έλεγες ναι ή όχι;\"- \"Μου κάνετε πρόταση; Αν δε μου κάνετε πρόταση, δεν απαντώ.\"- \"Αν σου έκαναν πρόταση να γυρίσεις στο \"Kους-κους\", τι θα απαντούσες;- \"Όχι\"- \"Η Κατερίνα Ζαρίφη είναι φίλη σου;\"- \"Όχι\"- \"Δεν ήταν ανήθικο να πας απέναντί μου στο πρωινό;\"- \"Όχι\"- \"Έκλαψες όταν κόπηκες από τον \"Πρωινό Καφέ;\"- \"Όχι\"- \"Πιστεύεις ότι η Βίκυ Καγιά θα πάει καλύτερα από εσένα στο πρωινό;\"- \"Μακάρι\"function fbs_click() {u=location.href;t=document.title;window.open(\'http://www.facebook.com/sharer.php?u=\'+encodeURIComponent(u)+\'&t=\'+encodeURIComponent(t),\'sharer\',\'toolbar=0,status=0,width=626,height=436\');return false;} html .fb_share_link { padding:2px 0 0 20px; height:16px; background:url(http://static.ak.fbcdn.net/images/share/facebook_share_icon.gif?0:26981) no-repeat top left; }Share on Facebook','Τον πραγματικό του χαρακτήρα έδειξε ο Αρναούτογλου σήμερα που είχε καλεσμένο τον Μουτσινά. Έπεσε η μάσκα του Αρναούτογλου ως καλό παιδί. Αυτά που του έλεγε δήθεν ως καλοπροαίρετες ερωτήσεις έβρισκαν τοίχο στον ετοιμόλογο Μουτσινά. Θα βρούμε το βίντεο και θα καταλάβετε γιατί λέμε \"δήθεν καλό παιδί\" φαίνεται καθαρά πως μιλάει ο original Μουτσινάς και δεν μπορεί να τον πιάσει πουθενά ο δήθεν Αρναούτ',', , , , , , , ','','','','','','','','','','','','','','','','0','0');
Insert into `pligg_links` (`link_id`,`link_author`,`link_status`,`link_randkey`,`link_votes`,`link_reports`,`link_comments`,`link_karma`,`link_modified`,`link_date`,`link_published_date`,`link_category`,`link_lang`,`link_url`,`link_url_title`,`link_title`,`link_title_url`,`link_content`,`link_summary`,`link_tags`,`link_field1`,`link_field2`,`link_field3`,`link_field4`,`link_field5`,`link_field6`,`link_field7`,`link_field8`,`link_field9`,`link_field10`,`link_field11`,`link_field12`,`link_field13`,`link_field14`,`link_field15`,`link_group_id`,`link_out`) values ('14','1','published','9768134','2','0','0','1.00','2009-04-01 14:48:43','2009-04-01 12:17:12','2009-04-01 14:48:43','1','1','http://prezatv.blogspot.com/2009/04/g20.html','ΠΑΝΙΚΟΣ ΑΠΟ ΕΠΕΙΣΟΔΙΑ ΣΤΟ ΛΟΝΔΙΝΟ,ΛΙΓΕΣ ΩΡΕΣ ΠΡΙΝ ΤΗΝ ΕΝΑΡΞΗ ΤΗΣ ΣΥΝΟΔΟΥ ΤΩΝ G20...ΜΙΑ ΝΕΑ ΓΕΝΟΒΑ ΕΙΝΑΙ ΕΔΩ...','ΠΑΝΙΚΟΣ ΑΠΟ ΕΠΕΙΣΟΔΙΑ ΣΤΟ ΛΟΝΔΙΝΟ,ΛΙΓΕΣ ΩΡΕΣ ΠΡΙΝ ΤΗΝ ΕΝΑΡΞΗ ΤΗΣ ΣΥΝΟΔΟΥ ΤΩΝ G20...ΜΙΑ ΝΕΑ ΓΕΝΟΒΑ ΕΙΝΑΙ ΕΔΩ...','pialphanuiotakappaomicronsigma-alphapiomicron-epsilonpiepsiloniotasigmaomicrondeltaiotaalpha-sigmatauomicron-lambdaomicronnudeltaiotanuomicronlambdaiotagammaepsilonsigma-omegarhoepsilonsigma-pirhoiotanu-tauetanu-epsilonnualpharhoxieta-tauetasigma-sigmaups','Επεισόδια σημειώθηκαν στο Λονδίνο μεταξύ αστυνομικών δυνάμεων και διαδηλωτών, που διαμαρτύρονται για τη Σύνοδο του G20.Από τα επεισόδια προκλήθηκαν ζημιές στις βιτρίνες ενός υποκαταστήματος της Royal Bank of Scotland, ενώ ορισμένοι πρόλαβαν να εισέλθουν στο εσωτερικό της, πριν απωθηθούν από τις αστυνομικές δυνάμεις.Σύμφωνα με το πρακτορείο Reuters, 300 με 400 άτομα επιτέθηκαν και στα γραφεία της Royal Bank of Scotland, φωνάζοντας: «Αυτοί οι δρόμοι είναι δρόμοι μας, αυτές οι τράπεζες είναι τράπεζές μας».Το Sky News μετέδωσε ότι έγιναν 23 συλλήψεις.Γεγονός είναι πως το Λονδίνο θυμίζει φρούριο, από τα μέτρα που λαμβάνονται για το φόβο εκτεταμένων συγκρούσεων και υλικών καταστροφών.Ενδεικτικό των μέτρων και της ανησυχίας είναι το γεγονός ότι νωρίτερα, τα παράθυρα των καταστημάτων και των εστιατορίων καλύφθηκαν με σανίδες εν όψει των διαδηλώσεωνπου προγραμματίστηκαν ενόψει της Συνόδου.Οι άδειες των αστυνομικών ανακλήθηκαν και χιλιάδες αστυνομικοί απ\' όλη τη χώρα έχουν κληθεί να βρίσκονται στο Λονδίνο.Εξω από την Τράπεζα της Αγγλίας, το Χρηματιστήριο του Λονδίνου και άλλα οικονομικά ιδρύματα, τα μέτρα ασφαλείας είναι δρακόντεια. Αστυνομικοί με κίτρινα γιλέκα σταματούν και κάνουν έρευνα σε διάφορα άτομα έξω από την κεντρική τράπεζα, ενώ ελικόπτερο υπερίπταται συνεχώς και αυτοκίνητα γεμάτα αστυνομικούς έχουν σταθμεύσει σε διάφορα σημεία.Ενα κατάστημα Gucci κοντά στην Τράπεζα της Αγγλίας έκλεισε και αδειάστηκαν οι προθήκες του,ενώ ένα υποκατάστημα εμπορικής τράπεζας εκεί κοντά έκλεισε και σταμάτησαν οι οικοδομικές εργασίες και τα έργα σε δρόμους στην οικονομική περιοχή.Μεταλλικά φράγματα και φρουροί ασφαλείας περικύκλωσαν την έδρα της Βασιλικής Τράπεζας της Σκοτίας, ο πρώην διοικητής της οποίας, Φρεντ Γκούντγουιν, είναι στόχος επικρίσεων στη Βρετανία για τους υψηλούς μισθούς προς τους τραπεζίτες.Οικολόγοι, αγωνιστές κατά του πολέμου και άλλοι διαδηλωτές σχεδιάζουν μία σειρά διαδηλώσεων, για να συμπέσουν με τη Σύνοδο Κορυφής.ΣΥΝΕΧΗΣ ΕΝΗΜΕΡΩΣΗΜΕ ΤΟ ΤΙ ΓΙΝΕΤΑΙ ΣΤΟ ΛΟΝΔΙΝΟ ΕΔΩ.ΠΡΕΖΑ TV1-4-2009','Επεισόδια σημειώθηκαν στο Λονδίνο μεταξύ αστυνομικών δυνάμεων και διαδηλωτών, που διαμαρτύρονται για τη Σύνοδο του G20.Από τα επεισόδια προκλήθηκαν ζημιές στις βιτρίνες ενός υποκαταστήματος της Royal Bank of Scotland, ενώ ορισμένοι πρόλαβαν να εισέλθουν στο εσωτερικό της, πριν απωθηθούν από τις αστυνομικές δυνάμεις.Σύμφωνα με το πρακτορείο Reuters, 300 με 400 άτομα επιτέθηκαν και στα γραφεία της ',', , , , ,, , , , , , , , g, , , , ','','','','','','','','','','','','','','','','0','0');
Insert into `pligg_links` (`link_id`,`link_author`,`link_status`,`link_randkey`,`link_votes`,`link_reports`,`link_comments`,`link_karma`,`link_modified`,`link_date`,`link_published_date`,`link_category`,`link_lang`,`link_url`,`link_url_title`,`link_title`,`link_title_url`,`link_content`,`link_summary`,`link_tags`,`link_field1`,`link_field2`,`link_field3`,`link_field4`,`link_field5`,`link_field6`,`link_field7`,`link_field8`,`link_field9`,`link_field10`,`link_field11`,`link_field12`,`link_field13`,`link_field14`,`link_field15`,`link_group_id`,`link_out`) values ('15','1','published','3933459','2','0','0','1.00','2009-04-01 23:55:04','2009-04-01 13:55:15','2009-04-01 23:55:04','1','1','http://feedproxy.google.com/~r/sapioi/~3/tY1VNstaiaI/','παιδικός σταθμός που σπάει @@','παιδικός σταθμός που σπάει @@','pialphaiotadeltaiotakappaόsigmaf-sigmataualphathetamuόsigmaf-piomicronupsilon-sigmapiάepsiloniota-','Αυτό από κάτω είναι ο παιδικός σταθμός απέναντι. Τα άτομα που έχουν τον σταθμό,προφανώς και δεν την παλεύουν κάστανο. Έχουν ηχεία έξω.Που παίζουν στη διαπασών. Τα ίδια και ίδια κομμάτια. ΜΕ ΣΤΡΟΥΜΦΟΦΩΝΕΣ. ΟΛΗ ΤΗ ΓΑΜΗΜΕΝΗ ΜΕΡΑ ΣΤΡΟΥΜΦΟΦΩΝΕΣ ΣΤΗ ΔΙΑΠΑΣΩΝ. Και μετά λένε ότι τα παιδιά είναι το μέλλον του κόσμου. Μπλε παπάρια τούμπανα . Την [...]','Αυτό από κάτω είναι ο παιδικός σταθμός απέναντι. Τα άτομα που έχουν τον σταθμό,προφανώς και δεν την παλεύουν κάστανο. Έχουν ηχεία έξω.Που παίζουν στη διαπασών. Τα ίδια και ίδια κομμάτια. ΜΕ ΣΤΡΟΥΜΦΟΦΩΝΕΣ. ΟΛΗ ΤΗ ΓΑΜΗΜΕΝΗ ΜΕΡΑ ΣΤΡΟΥΜΦΟΦΩΝΕΣ ΣΤΗ ΔΙΑΠΑΣΩΝ. Και μετά λένε ότι τα παιδιά είναι το μέλλον του κόσμου. Μπλε παπάρια τούμπανα . Την [...]',', , , , ','','','','','','','','','','','','','','','','0','0');
Insert into `pligg_links` (`link_id`,`link_author`,`link_status`,`link_randkey`,`link_votes`,`link_reports`,`link_comments`,`link_karma`,`link_modified`,`link_date`,`link_published_date`,`link_category`,`link_lang`,`link_url`,`link_url_title`,`link_title`,`link_title_url`,`link_content`,`link_summary`,`link_tags`,`link_field1`,`link_field2`,`link_field3`,`link_field4`,`link_field5`,`link_field6`,`link_field7`,`link_field8`,`link_field9`,`link_field10`,`link_field11`,`link_field12`,`link_field13`,`link_field14`,`link_field15`,`link_group_id`,`link_out`) values ('16','1','queued','2005713','1','0','0','1.00','2009-04-01 17:03:14','2009-04-01 17:03:14','1999-11-30 00:00:00','1','1','http://www.i-live.gr/2009/04/02/greece-israel-2-1/','Ελλάδα - Ισραήλ: 2 - 1','Ελλάδα - Ισραήλ: 2 - 1','epsilonlambdalambdaάdeltaalpha---iotasigmarhoalphaήlambda-2---1','Ειδήσεις Αθλητικά:<br />  <br />Καθοριστική νίκη για την συμμετοχή στην τελική φάση του Μουντιάλ, πέτυχε σήμερα η εθνική Ελλάδας απέναντι στο Ισραήλ, μέσα στο Παγκρήτιο στάδιο, το οποίο ήταν σχεδόν κατάμεστο.<br /><br />Το αντιπροσωπευτικό μας συγκρότημα, χωρίς να παίξει θεαματικό ποδόσφαιρο, είχε τον έλεγχο της μπάλας σχεδόν σε όλη την διάρκεια του αγώνα. ...','Ειδήσεις Αθλητικά:  Καθοριστική νίκη για την συμμετοχή στην τελική φάση του Μουντιάλ, πέτυχε σήμερα η εθνική Ελλάδας απέναντι στο Ισραήλ, μέσα στο Παγκρήτιο στάδιο, το οποίο ήταν σχεδόν κατάμεστο.Το αντιπροσωπευτικό μας συγκρότημα, χωρίς να παίξει θεαματικό ποδόσφαιρο, είχε τον έλεγχο της μπάλας σχεδόν σε όλη την διάρκεια του αγώνα. ...',', , , , , ','','','','','','','','','','','','','','','','0','0');
Insert into `pligg_links` (`link_id`,`link_author`,`link_status`,`link_randkey`,`link_votes`,`link_reports`,`link_comments`,`link_karma`,`link_modified`,`link_date`,`link_published_date`,`link_category`,`link_lang`,`link_url`,`link_url_title`,`link_title`,`link_title_url`,`link_content`,`link_summary`,`link_tags`,`link_field1`,`link_field2`,`link_field3`,`link_field4`,`link_field5`,`link_field6`,`link_field7`,`link_field8`,`link_field9`,`link_field10`,`link_field11`,`link_field12`,`link_field13`,`link_field14`,`link_field15`,`link_group_id`,`link_out`) values ('17','1','queued','1847550','1','0','0','1.00','2009-04-01 17:03:15','2009-04-01 17:03:15','1999-11-30 00:00:00','1','1','http://www.technews.gr/modules/news/article.php?storyid=3043','Sony Ericsson W395 Walkman με στερεοφωνικό ήχο','Sony Ericsson W395 Walkman με στερεοφωνικό ήχο','sony-ericsson-w395-walkman-muepsilon-sigmatauepsilonrhoepsilonomicronphiomeganuiotakappaό-ήchiomicron','Το κομψό slider κινητό W395 Walkman της Sony Ericsson διαθετει ενσωματωμένα στερεοφωνικά ηχεία για να απολαμβάνετε υψηλή ποιότητα ήχου και δυνατά μπάσα.Η Sony Ericsson λανσάρει το W395, ένα κινητό ειδικά σχεδιασμένο για να απολαμβάνετε όποιο είδος μουσικής σας...','Το κομψό slider κινητό W395 Walkman της Sony Ericsson διαθετει ενσωματωμένα στερεοφωνικά ηχεία για να απολαμβάνετε υψηλή ποιότητα ήχου και δυνατά μπάσα.Η Sony Ericsson λανσάρει το W395, ένα κινητό ειδικά σχεδιασμένο για να απολαμβάνετε όποιο είδος μουσικής σας...','sony, ericsson, w, walkman, , , ','','','','','','','','','','','','','','','','0','0');
Insert into `pligg_links` (`link_id`,`link_author`,`link_status`,`link_randkey`,`link_votes`,`link_reports`,`link_comments`,`link_karma`,`link_modified`,`link_date`,`link_published_date`,`link_category`,`link_lang`,`link_url`,`link_url_title`,`link_title`,`link_title_url`,`link_content`,`link_summary`,`link_tags`,`link_field1`,`link_field2`,`link_field3`,`link_field4`,`link_field5`,`link_field6`,`link_field7`,`link_field8`,`link_field9`,`link_field10`,`link_field11`,`link_field12`,`link_field13`,`link_field14`,`link_field15`,`link_group_id`,`link_out`) values ('18','1','queued','5402971','1','0','0','1.00','2009-04-01 17:03:16','2009-04-01 17:03:16','1999-11-30 00:00:00','1','1','http://blog.tech-spot.gr/2009/03/31/2640/','330 δραχμές το τραγουδάκι στο iTunes…','330 δραχμές το τραγουδάκι στο iTunes…','330-deltarhoalphachimuέsigmaf-tauomicron-taurhoalphagammaomicronupsilondeltaάkappaiota-sigmatauomicron-ituneshellip','Αυξήθηκε η τιμή των τραγουδιών στο iTunes. Απο 0,99 σε 1,29. Των καινούριων τραγουδιών ντε! Τι ψυχή έχουν 330 δραχμές για ενα τραγουδάκι;<br />Ίσως σας ενδιαφέρουν&#8230;<br /><br />Δεν υπάρχουν σχετικά άρθρα','Αυξήθηκε η τιμή των τραγουδιών στο iTunes. Απο 0,99 σε 1,29. Των καινούριων τραγουδιών ντε! Τι ψυχή έχουν 330 δραχμές για ενα τραγουδάκι;Ίσως σας ενδιαφέρουν&#8230;Δεν υπάρχουν σχετικά άρθρα',', , , , , itunes','','','','','','','','','','','','','','','','0','0');
Insert into `pligg_links` (`link_id`,`link_author`,`link_status`,`link_randkey`,`link_votes`,`link_reports`,`link_comments`,`link_karma`,`link_modified`,`link_date`,`link_published_date`,`link_category`,`link_lang`,`link_url`,`link_url_title`,`link_title`,`link_title_url`,`link_content`,`link_summary`,`link_tags`,`link_field1`,`link_field2`,`link_field3`,`link_field4`,`link_field5`,`link_field6`,`link_field7`,`link_field8`,`link_field9`,`link_field10`,`link_field11`,`link_field12`,`link_field13`,`link_field14`,`link_field15`,`link_group_id`,`link_out`) values ('19','1','queued','1348977','1','0','0','1.00','2009-04-01 17:03:49','2009-04-01 17:03:49','1999-11-30 00:00:00','1','1','http://blog.tech-spot.gr/2009/03/31/2637/','Το Foxmarks γίνεται Xmarks. Αναβαθμίσατε!','Το Foxmarks γίνεται Xmarks. Αναβαθμίσατε!','tauomicron-foxmarks-gammaίnuepsilontaualphaiota-xmarks--alphanualphabetaalphathetamuίsigmaalphatauepsilon','Η διάσημη και εξαιρετικά χρηστική εφαρμογή συγχρονισμού Αγαπημένων/Bookmarks, Foxmarks, για την οποία έχω γράψει, αλλάζει όνομα και γίνεται Xmarks. Ο λόγος είναι πως ξεφεύγει απο την υποστήριξη μόνο του Firefox για να περάσει στην εποχή του Safari, του Internet Explorer του Chrome και των &#8230; μελλοντικών browsers.<br />Αυτό θα βοηθήσει την εταιρία να μεγαλώσει το user [...]','Η διάσημη και εξαιρετικά χρηστική εφαρμογή συγχρονισμού Αγαπημένων/Bookmarks, Foxmarks, για την οποία έχω γράψει, αλλάζει όνομα και γίνεται Xmarks. Ο λόγος είναι πως ξεφεύγει απο την υποστήριξη μόνο του Firefox για να περάσει στην εποχή του Safari, του Internet Explorer του Chrome και των &#8230; μελλοντικών browsers.Αυτό θα βοηθήσει την εταιρία να μεγαλώσει το user [...]',', foxmarks, , xmarks, ','','','','','','','','','','','','','','','','0','0');
Insert into `pligg_links` (`link_id`,`link_author`,`link_status`,`link_randkey`,`link_votes`,`link_reports`,`link_comments`,`link_karma`,`link_modified`,`link_date`,`link_published_date`,`link_category`,`link_lang`,`link_url`,`link_url_title`,`link_title`,`link_title_url`,`link_content`,`link_summary`,`link_tags`,`link_field1`,`link_field2`,`link_field3`,`link_field4`,`link_field5`,`link_field6`,`link_field7`,`link_field8`,`link_field9`,`link_field10`,`link_field11`,`link_field12`,`link_field13`,`link_field14`,`link_field15`,`link_group_id`,`link_out`) values ('20','1','queued','5746890','1','0','0','1.00','2009-04-01 17:03:53','2009-04-01 17:03:53','1999-11-30 00:00:00','1','1','http://www.technews.gr/modules/news/article.php?storyid=3042','Νέα ThinkStation από τη Lenovo','Νέα ThinkStation από τη Lenovo','nuέalpha-thinkstation-alphapiό-taueta-lenovo','Η Lenovo ανακοίνωσε δυο νέα workstations - τα ThinkStation S20 και D20 - ειδικά σχεδιασμένα για επαγγελματίες design engineers και δημιουργούς ψηφιακού περιεχομένου.Τα δύο νέα συστήματα ThinkStation προσφέρουν στους επαγγελματίες χρήστες τη δυνατότητα να δημιουργούν πιο γρήγορα, ελαχιστοποιώντας το χρόνο μεταξύ της σύλληψης της ιδέας και της υλοποίησής της.Πιο συγκεκριμένα, τα δύο νέα ThinkStations διαθέτουν:','Η Lenovo ανακοίνωσε δυο νέα workstations - τα ThinkStation S20 και D20 - ειδικά σχεδιασμένα για επαγγελματίες design engineers και δημιουργούς ψηφιακού περιεχομένου.Τα δύο νέα συστήματα ThinkStation προσφέρουν στους επαγγελματίες χρήστες τη δυνατότητα να δημιουργούν πιο γρήγορα, ελαχιστοποιώντας το χρόνο μεταξύ της σύλληψης της ιδέας και της υλοποίησής της.Πιο συγκεκριμένα, τα δύο νέα ThinkStatio',', thinkstation, , , lenovo','','','','','','','','','','','','','','','','0','0');
Insert into `pligg_links` (`link_id`,`link_author`,`link_status`,`link_randkey`,`link_votes`,`link_reports`,`link_comments`,`link_karma`,`link_modified`,`link_date`,`link_published_date`,`link_category`,`link_lang`,`link_url`,`link_url_title`,`link_title`,`link_title_url`,`link_content`,`link_summary`,`link_tags`,`link_field1`,`link_field2`,`link_field3`,`link_field4`,`link_field5`,`link_field6`,`link_field7`,`link_field8`,`link_field9`,`link_field10`,`link_field11`,`link_field12`,`link_field13`,`link_field14`,`link_field15`,`link_group_id`,`link_out`) values ('21','1','queued','2209864','1','0','0','1.00','2009-04-01 17:03:59','2009-04-01 17:03:59','1999-11-30 00:00:00','1','1','http://www.e-write.gr/posts/652','Αντίο δολάριο, καλώς ήλθες AMERO','Αντίο δολάριο, καλώς ήλθες AMERO','alphanutauίomicron-deltaomicronlambdaάrhoiotaomicron-kappaalphalambdaώsigmaf-ήlambdathetaepsilonsigmaf-amero','AMERO.  Είναι η νέα λέξη που σε πολύ λίγο διάστημα από σήμερα, λόγω και των γεωπολιτικών αλλαγών που έρχονται και πιέζουν τροματικά το διεθνές οικονομικό προσκήνιο -και κυρίως στο παρασκήνιο-, θα μπει για τα καλά στο λεξιλόγιο της παγκόσμιας κοινότητας. Λαοί και έθνη θα μάθουν να την λένε. Να την προφέρουν. Να συναλλάσονται οικονομικά με το νέο παγκόσμιο νόμισμα. Το Amero.  Είναι το νέο παγκόσμιο νόμισμα που έρχεται με γοργούς ρυθμούς, όπως αποκαλύπτει σήμερα αποκλειστικά το Greek American News Agency σε πρώτη πανελλήνια δημοσιογραφική έρευνα με μια σειρά αποκαλυπτικών στοιχείων. Είναι το νέο παγκόσμιο νόμισμα που ζητά εναγωνίως η Κίνα στην οποία οι ΗΠΑ χρωστούν 2.5 τρισεκατομμύρια, ενώ το συνολικό εξωτερικό  χρέος   της υπερδύναμης προς στιγμήν ξεπερνά το ιλιγγιώδες ποσό των 11 τρισεκατομμύριων. Η διεθνής οικονομική κρίση πίσω από την οποία είχε δημιουργηθεί ένα άγραφος μυστικός οικονομικός κώδικας ήταν η μήτρα που γεννήσε το νέο παγκόσμιο παιδί της υπερδύναμης μέσω του οποίου προσδοκά να επανακτήσει τα ηνία της παγκόσμιας πολιτικής, στρατιωτικής και οικονομικής κυριαρχίας... Ένας μεγάλος μυστικός κώδικας, τον οποίο γνώριζαν, όπως θα δούμε μόνον οι ισχυροί του πλανήτη... Ένας κώδικας γύρω από τον οποίο ενώ παραδόξως όλα όσα θα σας αποκαλύψουμε γίνονταν, όχι σε μυστικές και κεκλεισμένων των θυρών συνεδριάσεις, όπως έχουμε συνηθίσει ακολουθώντας τα μονοπάτια της μέχρι πρότινος γνωστής  πεπατημένης οδού της συνωμοσιολογίας, αλλά την οδό της ελεγχόμενης δημοσιότητας. Τα όσα σήμερα θα σας αποκαλύψουμε μέσα από αυτή την έρευνα, όπως θα δείτε, αποτελούν κοινό «μυστικό» τριών χωρών!  Ένα μυστικό, ο κώδικας του οποίου ήταν γνωστός μόνο σε λίγους... Εκείνους που γνώριζαν πως κάτι έρχεται σχεδόν από τα τέλη του 2005, όπου άρχισε να γίνεται συζήτηση για πρώτη φορά για την οικονομική ύφεση-την οποία πεισματικά αρνούταν μέχρι πρότινος ο οικτρά απελθών αποτυχημένος για την διεθνή πολιτική κοινότητα, αλλά εν πολλοίς πετυχημένος για αυτούς που ήξεραν το «μυστικό», αμερικανός πρόεδρος G.Bush. Αυτή η τεχνητή παγκόσμια οικονομική κρίση δεν ήταν απλά αποτέλεσμα της αποτυχίας του υπερκορεσμένου φιλελεύθερου οικονομικό πολιτικού συστήματος που εγκαθίδρυσε ο βασιλιάς και μεγάλος πρωταγωνιστής, το αμερικάνικο δολάριο, αλλά μια μάλλον πολύ καλά στημένη επιχείρηση που θα μοιάζει ως αναγκαία και επιβεβλημένη λύση, η μετάβαση στην νέα πραγματικότητα. Η μετάβαση στο νέο παγκόσμιο νόμισμα...  Η μόνη λύση έμοιαζε για πολλούς που γνώριζαν -ίσως γιατί έτσι είχε σχεδιαστεί - είναι η μετάβαση σε ένα νέο ισχυρότερο,  σχεδόν διπλής αξίας νόμισμα  του σημερινού δολαρίου! Ο τοκετός αυτής της γέννας δεν μπορούσε να είναι χωρίς τις απαραίτητες  ωδύνες. Κάθε τοκετός έχει τις δικές του ωδύνες...  Το νέο παγκόσμιο νόμισμα που ίσως και εντός της προσεχούς διετίας να ανακοινωθεί, αν όχι νωρίτερα, είναι πλέον, όπως θα δείτε και θα διαπιστώσετε, καθοδόν...   Στόχος είναι  καταρχήν η αντιμετώπιση του euro, το οποίο παραμένει το πλέον σκληρό νόμισμα έναντι του δολαρίου. <br />Το Euro είναι το νόμισμα που οι μεγάλες χώρες εδώ και μια οκταετία προτιμούν στην αρχή σταδιακά και μετά ολοένα και περισσότερο, να κάνουν τις  μεγάλες οικονομικές και εμπορικές συναλλαγές τους υποτιμώντας έτσι την επί 50 έτη παγκόσμια   υπεροχή του αμερικανικού δολαρίου.  Η υποτίμηση του δολαρίου μοιραία έφερε και την πολιτική και στρατιωτική υποτίμηση της μοναδικής εως τώρα  υπερδύναμης στον κόσμο από τα τέλης του Β\' παγκοσμίου πολέμου μέχρι το τέλος του πρώτου ψυχρού πολέμου. Αυτό όλο το δυσανάλογο  σκηνικό σε διεθνές επίπεδο άρχισε να απειλεί την πολιτική και στρατιωτική υπεροχή της αλλαζονικής αυτοκρατορικού τύπου υπερδύναμης. Εκείνοι που σχεδιάζουν εδώ στα κλειστά ισχυρά  αμερικανικά κέντρα εξουσίας,  think tanks -και των δυο μεγάλων αμερικανικών κομμάτων-, τα οποία και παραθέτουμε, διείδαν γρήγορα τους κινδύνους και σε πρώτη φάση μέχρι οργάνωσης της νέα πραγματικότητας, έριξαν στάχτη στα μάτια της διεθνούς κοινότητας, όσο εκείνοι θα προετοίμαζαν την μετάβαση στην νέα μεγάλη πραγματικότητα που έρχεται με ραγδαίους ρυθμούς.<br />Έτσι από τα μέσα της δεκαετίας του 1980 που ο πατέρας G. Bush κυβερνούσε, ξεκίνησε το διαμοίρασμα του πλούτου στον πλανήτη κυρίως στις αραβικές πλουτοπαραγωγικές πηγές με τον πρώτο πόλεμο στον περισκό πόλεμο.<br />Η δεύτερη φάση  της επιχείρησης αποπροσανατολισμού της διεθνούς κοινής γνώμης συνεχίστηκε από τον  αμερικανό πρόεδρο B. Clinton.  Αυτή την φορά μετατοπίζοντας το κέντρο ενδιαφέροντος και πολιτικό στρατιωτικών επιχειρήσεων στα εύφλεκτα και πολιτικό-θρησκευτικά Βαλκάνια  με τον  παράλληλο διαμερισμό και καταμερισμό δυνάμεων. Προάγγελος και «μάντης» όσων έμελε να γίνουν ο Σάμιουελ Χάντικτον με το βιβλίο του η «σύγκρουση των πολιτισμών» που σχεδόν προανήγγειλε όσα θα γίνονταν με το τέλος του 20ουου αιώνα...    <br />Η τρίτη φάση της επιχείρησης προετοιμασίας της νέας πραγματικότητας που  όλα δείχνουν να έρχεται  με ραγδαίους ρυθμούς και μάλιστα πολύ σύντομα, ξεκίνησε και με τον υιό G. W. Bush(Junior) που ανέλεβε να συνεχίσει την αποστολή διαμελισμού και διαμερισμού και απόλυτου οικονομικά ελέγχου  του ορυκτού πλούτου της επίσης γεωπολιτικά εύθραστης Νέας Μέσης Ανατολής. Σχέδιο που συνελήφθη, σχεδιάστηκε και υλοποιήθηκε χρόνια νωρίτερα, όπως ορθώς είχε αποκαλύψει πρώτο το Greek American News Agency, τον Νοέμβριο του 2006.  Σήμερα αργά αλλά σταθερά αυτός ο σχεδιασμός υλοποιείται δημιουργώντας νέα κράτη δορυφόρους στην περιοχή που θα διαφυλάσσουν τα οικονομικό-πολιτικά συμφέροντα της νέας μεγάλης υπερδύναμης που σε λίγο αναδύεται μέσα από όσα σήμερα αποκαλύπτουμε... Οι επόμενες κινήσεις του νέου Αμερικανού προέδρου Barack Obama  ήδη διαφαίνεται ότι κινούνται προς αυτή την κατεύθυνση, ενδυναμώνοντας και ενισχύοντας στρατιωτικά το ρόλο της γειτονικής Τουρκίας σε ρόλο χωροφύλακα της περιοχής, όπως καταδεικνύει η εξωτερική πολιτική των ΗΠΑ στην ευρύτερη περιοχή της Ν.Μ. Ανατολής που τώρα λαμβάνει και γεωστρατηγικά την νέα της μορφή.  Παράλληλα όσο θα διαρκεί αυτή η μετάβαση στην νέα πραγματικότητα που έρχεται η νέα μεγάλη υπερδύναμη που γεννιέται μεταξύ τριών γειτονικών κρατών {ΑΜΕΡΙΚΗΣ-ΚΑΝΑΔΑ-ΜΕΞΙΚΟΥ} έχει προετοιμάσει κοινή συναινέσει  όλο αυτό το διάστημα το βασικό πυλώνα της οικονομικοπολιτικής  υπεροχής της. Το νέο παγκόσμιο νόμισμα. Το Amero.  Αυτή η μετάβαση σε αυτή την νέα πραγματικότητα που έρχεται και ίσως είναι ο προθάλαμος εισαγωγής σε κάτι άλλο εντελώς διαφορετικό και απολύτα ελεγχόμενο, δεν αναμένεται να είναι χωρίς απώλειες.. <br />Παράπλευρες  και ενδεχομένως άμεσες απώλειες που θα κοστίσουν πολύ ίσως. Κάθε αλλαγή στο παγκόσμια ιστορία ποτέ δεν ήταν αναίμακτη. Ποτέ δεν έγινε χωρίς θυσίες... Για αυτό και αυτοί που σχεδιάζουν με μαθηματική ακρίβεια έχουν προβλέψει στο έπακρο την κάθε τους κίνηση. Κάπως έτσι έρχεται αυτή η νέα μεγάλη πραγματικότητα... Μια πραγματικότητα που πια ακούει σε λέξεις που μοιραία θα μπούν στην ζωή μας. AMERO. NAFTA. SPP. Οικονομικοπολιτικές έννοιες  ανεξάρτητες και παράλληλα αλληλένδετες μεταξύ τους...    Όλα όσα θα δούμε να ξετυλίγονται ενώπιον μας μέσα από στοιχεία και ντοκουμέντα, καταθέσεις, εκθέσεις, έγγραφα και μυστικές πολιτικές αναφορές μέσα από αυτή την έρευνα είναι ταυτόχρονα ανεξάρτητα αλλά και στενά γεωμετρικά συνδεδεμένα μεταξύ τους... <br />Μια σειρά από αδιάσειστα στοιχεία, αναφορές, ντοκουμέντα,  εκθέσεις,  μυστικές και  φανερές,  καταθέσεις, τηλεοπτικές εκμπομπές  και πολλά άλλα στοιχεία που βλέπουν για πρώτη φορά το φως της δημοσιότητας στον ελληνικό έντυπο και ηλεκτρονικό Τύπο, αποδεικνύουν το μέγεθος της σοβαρότητας της πολύμηνης δημοσιογραφικής έρευνας μας. Μιας μεγάλης δημοσιογραφικής υπερπαραγωγής που χρησιμοποιεί όλες τις δυνατότητες που παρέχει σήμερα ο μαγικός κόσμος του διαδικτύου.  Ας ξεκινήσουμε αυτό το ταξίδι στον κόσμο της πληροφορίας, των γεγονότων, και τους δρόμους του παρασκηνίου στην μεγάλη λεωφόρο  της γνώσης, ισορροπώντας μεταξύ της συνωμοσιολογίας που ανεξέλεκτη σε κρατά σε πνευματική και πολιτική εγρήγορση γιατί ποτέ αυτό που φαίνεται δεν είναι αυτό που δείχνει,  και της σκληρής πραγματικότητας  που έρχεται...   <br />Η NAFTA (North American Free Trade Agreement), η SPP (Security and Prosperity Partnership Of North America-SPP), η δημιουργία του υπερσύγχρονου οδικού συστήματος, η δημιουργία της Βορειοαμερικανικής Ένωσης και το Amero.  Τέσσερις διαφορετικές παράμετροι που αφενός κινούνται από την ίδια κεντρική ιδέα και αφετέρου δημιουργούν το πλαίσιο της νέας παγκόσμιας οικονομικοπολιτικής  πραγματικότητας που διαμορφώνεται γύρω μας... Μιας πραγματικότητας που μπορεί  να δώσει μια τελείως διαφορετική μορφή στο σύγχρονο αναπτυσσόμενο  κόσμο συμπεριλαμβανομένης  της Κίνας της Ρωσίας και της Ινδίας ως ταχύτατα αναπτυσσόμενες συνεργαζόμενες οικονομικές αγορές. Η υπογραφή της συμφωνίας της NAFTA μεταξύ των ΗΠΑ, του Καναδά και του Μεξικό το 1993, ύστερα από πολύμηνες προσπάθειες σηματοδοτεί μια ένα διαφορετική πραγματικότητα που έρχεται... Ανοίγει το δρόμο για μια καταρχήν φαινομενικά  διευρυμένη εμπορική συνεργασία μεταξύ των τριών χωρών{ΑΜΕΡΙΚΗ-ΚΑΝΑΔΑ-ΜΕΞΙΚΟ}, σπάζοντας ουσιαστικά κάθε (κρατικό) περιοριστικό φραγμό. Είναι όμως μόνο αυτό που φαίνεται; Ή κρύβει και κάτι άλλο που έρχεται με ταχείς ρυθμούς;  Η εφαρμογή και η λειτουργία της NAFTA στόχευει στην ενίσχυση των εμπορικών σχέσεων της  τριεθνούς συμφωνίας, με όρους και προϋποθέσεις που προσφέρουν αμοιβαία (κοινά) οφέλη, δημιουργώντας, όπως μπορεί συμπερασματικά κάποιος  μελετώντας όλο αυτό το υλικό που παρατίθεται να εξάγει ένα ασφαλές συμπέρασμα. Σίγουρα πρόκειται  και για έναν  ιδιαίτερα ισχυρό εμπορικό και κατα συνέπεια οικονομικό και στρατιωτικό  πόλο στο παγκόσμιο σκηνικό. Η NAFTA πέρασε από την έγκριση του αμερικανικού κογκρέσου και έγινε νόμος επί προεδρίας Κλίντον, με την συζήτησή της και όλες τις προπαρασκευαστικές ενέργειες να έχουν γίνει από τον πρώην πρόεδρο, πατέρα George Bush. Στο πλαίσιο της NAFTA, έστω και αν ακόμα βέβαια στα χαρτιά και στον πολύ λεπτομερή σχεδιασμό, βρίσκεται και η κατασκευή του υψηλών προδιαγραφών οδικού συστήματος με την μεγάλυτερη κεντρική αρτηρία στην πολιτεία του Τέξας, το οποίο και θα ενώνει μέσω των Ηνωμένων Πολιτειών τον Καναδά και το Μεξικό.  Δηλαδή μια μλάμε για μια νέα ενωμένη οικονομική αγορά της τάξεως των 440.000.000 πολιτών. Μια αγορά με όχι  τυχαία κοινούς πολιτισμικούς και θρησκευτικούς παράγοντες να ενωνουν τους  τρείς λαούς.<br />Δώδεκα περίπου χρόνια μετά την υπογραφή της NAFTA, επι προεδρίας πάλι George Bush, του υιου αυτή την φορά, ένα νέο πλαίσιο συνεργασίας, -σημειωτέον όχι συμφωνία που να χρειάζεται την έγκριση του κογκρέσου- συνάπτεται μεταξύ των ηγετών των χωρών. Το πρωτόκολλο συνεργασίας για την ασφάλεια και την ευημερία στην Βόρειο Αμερική (Security and Prosperity Partnership Of North America-SPP) υπογράφεται το 2005 , εγκαθιδρύοντας σε επίπεδο υπουργών ομάδες εργασίας για θέματα ασφάλειας και οικονομίας που αντιμετωπίζει η Β.Α. Η δημιουργία της SPP, με όλες τις παράπλευρες δραστηριότητες των ομάδων εργασίας που στοχεύαν στην ενίσχυση μιας πολυεπίπεδης συνεργασίας μεταξύ των τριών χωρών αποτέλεσε την αφορμή για να ανοίξει μια έντονη συζήτηση, -χωρίς ωστόσο να συγκεντρώσει τα φώτα της δημοσιότητας-, για την δημιουργία της βορειοαμερικανικής ένωσης και της χρήσης μιας νέας νομισματικής μονάδας για τις τρεις χώρες, το Αμέρο.  Τα σπέρματα ωστόσο για την δημιουργία της Βαμερικανικής  Ένωσης κατά το πρότυπο της Ε.Ε. και του Ευρώ, όπως θα δούμε μέσα από την δεισδυτική και σε βάθος έρευνα μας, έπεσαν πολύ νωρίτερα το 1999, όταν ο καναδός H. Glubel δημοσίευσε την εργασία του με τίτλο «Η Υπόθεση για το Αμέρο: Τα οικονομικά και η Πολιτική για την ΒορειοΑμερικανική Νομισματική Ένωση».  <br />Είναι μια νέα μεγάλη πραγματιτκότητα που έρχεται με ταχείς ρυθμούς. Μια πραγματικότητα που επιβλήθηκε τεχνητά με αυτή την άνευ προηγούμένου οικονομική κρίση που μαστίζει σχεδόν ολόκληρο τον πλανήτη. Μια νέα υπερδύναμη με κοινές θρησκευτικές και πολιτιστικές ρίζες. Μια νέα υπερκρατική πολιτική οντότητα που θα είναι έτοιμη για όλα...  Μια ματιά μόνο στα νούμερα των πλυθησμών αρκεί για γίνουν οι πρώτες συμπερασματικές διαπιστώσεις Ο  Καναδάς σύμφωνα με πρόσφατη απογραφή αριθμεί  33,561,386 (απογραφή του 2009) το Μεξικο σύμφωνα με απογραφή του 2005  έχει 103,263,388 ( απογραφή 2005) και οι Ηνωμένες Πολιτείες σύμφωνα με άμεσα και πρόσφατα  στοιχεία έχει πληθυσμό  306,103,197( επίσημη απογραφή του2009)}. Το άρθροισμα αυτού του νούμερου δεν είναι απλά πληθυσμιακό.  Δείχνει  συν τοις άλλοις  μια νέα  μεγάλη οικονομική ζώνη. Μια νέα μεγάλη πολιτική δύναμη. Ένα νέο μεγάλο στρατό... <br />Με την οικονομικοπολιτική συμφωνία  της NAFTA  οι Αμερικανοί λύνουν και ένα ακόμα εσωτερικό πρόβλημα. Την διασυνοριακή μετανάστευση των ισπανόφωνων λαών που σήμερα αποτελεί τον υπαριθμό δυο λαό στο εσωτερικό των ΗΠΑ. Υπολογίζονται σε περισσότερα από 44.000.000(1ηΥπολογίζεται δε μέχρι το 2050 πλυθησμιακά οι ισπανόφωνοι αναμένεται να έχουν ξεπεράσει τα 102.000.000. αριθμός ρεκόρ  που καθορίζει πολλά στο πολιτικό εσωτερικό της χώρας. Είναι η πρώτη πληθυσμιακή δύναμη που αυτή την περίοδο και για πολλά χρόνια ακόμα σύμφωνα με υπολογισμούς και αναλύσεις θα αποτελεί την μοναδική υπολογίσιμη στρατιωτικά εθνοφυλετική δύναμη που κατατάσσεται κατά προτεραιότητα -λόγω και της οικονομικής εξαθλίωσης τους-  στον Αμερικανικό μισθοφορικό στρατό... Κοινό στοιχείο βασικό συστατικό  αυτής της συμφωνίας που δεν μπορεί να περάσει απαρατήρητο  είναι και οι κοινές θρησκευτικές ρίζες αυτών των τριών λαών. Αλλάζουν έτσι το πληθυσμιακό πεδίο δίνοντας σαφή υπεροχή στο Χριστιανικό πληθυσμό. Δεν είναι λίγοι αυτοί  που πιστεύουν ότι οι Ισπανόφωνοι έσωσαν τις ΗΠΑ από τον κίνδυνο του επίσης ταχέως θρησκευτικά και πολιτικά εθνοφυλετικού Ισλάμ.  Οι Μουσουλμάνοι αποτελούν έναν βασικό εν δυνάμει εσωτερικό  κίνδυνο που απειλεί το εσωτερικό της υπερδύναμης μετά τα γεγονότα της 11ης Σεπτεμβρίου 2001. Στο εσωτερικό των ΗΠΑ  η πολιτική  δύναμη των  Ισαπνόφωνων είναι τέτοια που πλέον καθορίζει και την εκλογή του Αμερικανού προέδρου ενώ δεν είναι μακριά η εποχή που στο ύπατο αξίωμα ίσως βρεθεί και ένας ισπανόφωνος.<br />Ωστόσο αυτή η μεγάλη οικονομική, αμυντική και κυρίως πολιτική ένωση, όπως αποκαλύπτουμε σήμερα,  δεν φαίνεται να είναι ένας δρόμος στρωμένος με ροδοπέταλα. Ούτε μια εύκολη υπόθεση για αυτό και προχωρά αργά αλλά με σταθερά βήματα. Έχει ίσως λίγους αλλά ισχυρούς και επίμονους αντιπάλους όπως  Jerome Corsi, ο οποίος με σειρά αποκαλυπτικών άρθρων μάχεται  καθημερινά αυτή την μεγάλη πολιτική ένωση. Μάχεται αυτή την νέα πραγματικότητα που έρχεται. Το κίνητρο και οι αντιδράσεις του εστιάζονται κυρίως στις βαθιές υπερεθνικές του θέσεις  για την  διατήρηση της μιας και μοναδικής υπερδύναμης. Της Αμερικής, όπως την γνωρίσαμε τις προηγούμενες δεκαετίες. Μια υπεδύναμη όμως που πλέον σήμερα με μαθηματική ακρίβεια φθίνει. Καταρρέει μέρα τη μέρα. Οι αναλύσεις όλων των ειδικών, μυστικές και φανερές, προειδοποιούν για την μεγάλη οικονομική και πολιτική κατάρρευση που έρχεται. Αυτές τις ημέρες η μεγάλη πολυπολιτισμική χώρα λεπτό το λεπτό καταρρέει οικονομικά. Όμως τίποτα δεν είναι τυχαίο ειδικά σε αυτή την χώρα που τουλάχιστον αν έμαθε κάτι πολύ καλά από τον ευρωπαϊκό τρόπο σκέψης και τη  δυτική διανόηση είναι να σχεδιάζει. Να προβλέπει. Να διαβλέπει τους ορατούς επερχόμενους κινδύνους που την απειλούν.  Έτσι όλοι αυτοί που σχεδιάζουν  πριν από εμάς για εμάς έχουν φροντίσει αυτή η μεγάλη θνησιγενής στρατιωτικά και πολιτικά αυτοκρατορία να μεγαλώσει ακόμα περισσότερο. Ο λόγος που προγραμματίζεται αυτή η μεγάλη υπερεθνική πολιτική και οικονομική διεύρυνση εκτός των όσων αναλυτικά και βασανιστικά -σχεδόν σε επίπεδο επιστημονικής αναλύσης -γίνεται για και για άλλους λόγους. Γίνεται για να προλάβει και άλλους εσωτερικούς κινδύνους που οι ίδιοι οι Αμερικανοί βλέπουν να έρχονται, όπως έχουμε αποκαλύψει μέσα από το Greek American News Agency  σε προηγούμενες έρευνες μας. «Βλέπουν» ξεσηκωμούς και εσωτερικές αναταραχές.έχουμε αποκαλύψει. Δεν είναι τυχαία η «εκλογή»  του Barack Obama... Eχει άμεσα σχέση με όσα θα γίνουν στο διεθνές προσκήνιο και κυρίως στο εσωτερικό της τελευταίας υπερδύναμης του 20ου  αιώνα. Κυρίως όμως αυτή η «εκλογή» του 44ου  και πρώτου αφροαμερικανού προέδρου των ΗΠΑ   έχει σχέση άμεση  με όσα έρχονται...   Επαναστάσεις και αίμα που έρχεται. Για αυτό και προετοιμάζονται... Φτιάχνουν  μυστικές εκθέσεις και οργανώνουν  την   εσωτερική αυτοάμυνα τους όπως έχουμε αποκαλύψει.<br />ΠΗΓΗ:<br />http://www.greekamericannewsagency.com/gana/index.php?option=com_content&amp;task=view&amp;id=4957&amp;Itemid=83<br /><br />ΔΗΜΟΣΙΟΓΡΑΦΙΚΗ ΕΡΕΥΝΑ  Δέσποινα Συριοπούλου <br />Διαβάστε και τα υπόλοιπα μέρη της έρευνας<br />ΜΕΡΟΣ 2<br />ΜΕΡΟΣ 3','AMERO.  Είναι η νέα λέξη που σε πολύ λίγο διάστημα από σήμερα, λόγω και των γεωπολιτικών αλλαγών που έρχονται και πιέζουν τροματικά το διεθνές οικονομικό προσκήνιο -και κυρίως στο παρασκήνιο-, θα μπει για τα καλά στο λεξιλόγιο της παγκόσμιας κοινότητας. Λαοί και έθνη θα μάθουν να την λένε. Να την προφέρουν. Να συναλλάσονται οικονομικά με το νέο παγκόσμιο νόμισμα. Το Amero.  Είναι το νέο παγκόσμιο',', ,, , , amero','','','','','','','','','','','','','','','','0','0');
Insert into `pligg_links` (`link_id`,`link_author`,`link_status`,`link_randkey`,`link_votes`,`link_reports`,`link_comments`,`link_karma`,`link_modified`,`link_date`,`link_published_date`,`link_category`,`link_lang`,`link_url`,`link_url_title`,`link_title`,`link_title_url`,`link_content`,`link_summary`,`link_tags`,`link_field1`,`link_field2`,`link_field3`,`link_field4`,`link_field5`,`link_field6`,`link_field7`,`link_field8`,`link_field9`,`link_field10`,`link_field11`,`link_field12`,`link_field13`,`link_field14`,`link_field15`,`link_group_id`,`link_out`) values ('22','1','queued','1847284','1','0','0','1.00','2009-04-01 17:04:04','2009-04-01 17:04:04','1999-11-30 00:00:00','1','1','http://prezatv.blogspot.com/2009/04/blog-post_5295.html','ΑΡΧΙΖΟΥΝ ΝΑ ΔΙΑΓΡΑΦΟΥΝ ΦΟΙΤΗΤΕΣ ΣΤΟ ΤΕΙ ΠΕΙΡΑΙΑ,ΕΦΑΡΜΟΖΟΝΤΑΣ ΚΑΤΑ ΓΡΑΜΜΑ ΤΟ ΝΟΜΟ ΠΛΑΙΣΙΟ ΤΗΣ ΝΕΑΣ ΔΗΜΟΚΡΑΤΙΑΣ...(ΔΙΑΔΩΣΤΕ ΤΟ)','ΑΡΧΙΖΟΥΝ ΝΑ ΔΙΑΓΡΑΦΟΥΝ ΦΟΙΤΗΤΕΣ ΣΤΟ ΤΕΙ ΠΕΙΡΑΙΑ,ΕΦΑΡΜΟΖΟΝΤΑΣ ΚΑΤΑ ΓΡΑΜΜΑ ΤΟ ΝΟΜΟ ΠΛΑΙΣΙΟ ΤΗΣ ΝΕΑΣ ΔΗΜΟΚΡΑΤΙΑΣ...(ΔΙΑΔΩΣΤΕ ΤΟ)','alpharhochiiotazetaomicronupsilonnu-nualpha-deltaiotaalphagammarhoalphaphiomicronupsilonnu-phiomicroniotatauetatauepsilonsigma-sigmatauomicron-tauepsiloniota-piepsiloniotarhoalphaiotaalphaepsilonphialpharhomuomicronzetaomicronnutaualphasigma-kappaalphatau','Μετά από τα τετραετή business plan, τους εσωτερικούς κανονισμούς και τις λίστες συγγραμμάτων, άλλη μια ρύθμιση του νόμου - πλαισίου παίρνει το δρόμο της εφαρμογής στην πράξη: Στο ΤΕΙ Πειραιά, στο Τμήμα Πολιτικών Δομικών Εργων (ΠΔΕ) οι σπουδαστές που έχουν υπερβεί το όριο φοίτησης (όπως αυτό ορίζεται στο νόμο - πλαίσιο) καλούνται να υπογράψουν υπεύθυνη δήλωση ότι έλαβαν γνώση του νόμου και θα ολοκληρώσουν τις σπουδές τους εντός πενταετίας, όπως ακριβώς ορίζει ο νόμος. Μπαίνει, λοιπόν, μπροστά στους σπουδαστές ο εξής ωμός εκβιασμός: ΄Η υπογράφουν τη δήλωση που λέει ότι συμμορφώνονται με το νόμο - πλαίσιο ή διαγράφονται (αυτομάτως) από τα μητρώα της σχολής και χάνουν τη σπουδαστική τους ιδιότητα. Πρόκειται για τα γνωστά φούμαρα περί «αιώνιων σπουδαστών» που πρέπει, λέει, κάποια στιγμή να διαγραφούν και πάνε με θράσος να πρωτοεφαρμόσουν αυτή τη διάταξη σε ΤΕΙ, στα ιδρύματα δηλαδή που το 60% των σπουδαστών αναγκάζεταινα δουλεύει παράλληλα με τις σπουδές!Ενόψει των εγγραφών για το εαρινό εξάμηνο που γίνονται αυτή την περίοδο, η Γραμματεία του Τμήματος ενημερώνει τους σπουδαστές που έχουν περάσει το όριο φοίτησης ότι «μαζί με την εγγραφή τους θα πρέπει να συμπληρώσουν υπεύθυνη δήλωση του Ν.1599/76 για να εφαρμοστεί ο Ν.3549/07 (σ.σ. ο νόμος -πλαίσιο)». Στη δήλωση οι σπουδαστές υπογράφουν ότι «έλαβα γνώση του νόμου (...) και ότι θα τελειώσω τις υποχρεώσεις μου στο Τμήμα ΠΔΕ εντός πέντε ετών». Μάλιστα, η πενταετής παράταση που παίρνουν οι σπουδαστές ξεκινάει από το ...προηγούμενο εξάμηνο, δηλαδή, το χειμερινό εξάμηνο του ακαδημαϊκού έτους 2008-2009. Να θυμίσουμε ότι στο άρθρο 14, παρ. 1ε του νόμου -πλαισίου, ορίζεται πως οι φοιτητές οι οποίοι έχουν περάσει το όριο φοίτησης μπορούν να δηλώσουν υπεύθυνα ότι επιθυμούν να συνεχίσουν τις σπουδές τους και να πάρουν χρονική παράταση για μια ακόμα πενταετία, διαφορετικά διαγράφονται από τα μητρώα της σχολής...Η Νεα Δημοπρασια παει την Ελλαδα μπροστα,κανοντας την προσβαση στη παιδεια,δικαιωμα μονο για λιγους...Εκεινους που μπορουν να τελειωσουν τις σπουδες του,μονο στο χρονικο περιθοριο που τους δινει το κρατος,ασχετα εαν καποιοι δουλευουν για να ζησουν και δεν προλαβαινουν ουτε να φανε...ΠΡΕΖΑ TV2-4-2009via','Μετά από τα τετραετή business plan, τους εσωτερικούς κανονισμούς και τις λίστες συγγραμμάτων, άλλη μια ρύθμιση του νόμου - πλαισίου παίρνει το δρόμο της εφαρμογής στην πράξη: Στο ΤΕΙ Πειραιά, στο Τμήμα Πολιτικών Δομικών Εργων (ΠΔΕ) οι σπουδαστές που έχουν υπερβεί το όριο φοίτησης (όπως αυτό ορίζεται στο νόμο - πλαίσιο) καλούνται να υπογράψουν υπεύθυνη δήλωση ότι έλαβαν γνώση του νόμου και θα ολοκ',', , , , , , ,, , , , , , , , , ','','','','','','','','','','','','','','','','0','0');
Insert into `pligg_links` (`link_id`,`link_author`,`link_status`,`link_randkey`,`link_votes`,`link_reports`,`link_comments`,`link_karma`,`link_modified`,`link_date`,`link_published_date`,`link_category`,`link_lang`,`link_url`,`link_url_title`,`link_title`,`link_title_url`,`link_content`,`link_summary`,`link_tags`,`link_field1`,`link_field2`,`link_field3`,`link_field4`,`link_field5`,`link_field6`,`link_field7`,`link_field8`,`link_field9`,`link_field10`,`link_field11`,`link_field12`,`link_field13`,`link_field14`,`link_field15`,`link_group_id`,`link_out`) values ('23','1','queued','7654940','1','0','0','1.00','2009-04-01 17:04:08','2009-04-01 17:04:08','1999-11-30 00:00:00','1','1','http://feedproxy.google.com/~r/sapioi/~3/PFOler8tqWk/','Ποίηση','Ποίηση','piomicronίetasigmaeta','Στο κολονάκι κάθεσαι<br />κι εγώ σου το χαϊδεύω&#8230;<br />το όμορφο χεράκι σου<br />που τόσο το λατρεύω.<br />Γιατί μικρή μόλις με δεις<br />ευθύς τα κατεβάζεις &#8230;..<br />στο χώμα τα ματάκια σου<br />κι εμε δε με κοιτάζεις ;<br />Μήπως τον έχω εγώ μικρό<br />τον πόνο στην καρδιά μου;<br />Μήπως δεν μου σηκώνεται&#8230;&#8230;<br />μια τρίχα από τα μαλλιά μου;<br />Θα &#8216;ρθω στο παραθύρι σου<br />θα &#8216;ρθω να σου την παίξω&#8230;&#8230;<br />να παίξω [...]','Στο κολονάκι κάθεσαικι εγώ σου το χαϊδεύω&#8230;το όμορφο χεράκι σουπου τόσο το λατρεύω.Γιατί μικρή μόλις με δειςευθύς τα κατεβάζεις &#8230;..στο χώμα τα ματάκια σουκι εμε δε με κοιτάζεις ;Μήπως τον έχω εγώ μικρότον πόνο στην καρδιά μου;Μήπως δεν μου σηκώνεται&#8230;&#8230;μια τρίχα από τα μαλλιά μου;Θα &#8216;ρθω στο παραθύρι σουθα &#8216;ρθω να σου την παίξω&#8230;&#8230;να παίξω [...]','','','','','','','','','','','','','','','','','0','0');
Insert into `pligg_links` (`link_id`,`link_author`,`link_status`,`link_randkey`,`link_votes`,`link_reports`,`link_comments`,`link_karma`,`link_modified`,`link_date`,`link_published_date`,`link_category`,`link_lang`,`link_url`,`link_url_title`,`link_title`,`link_title_url`,`link_content`,`link_summary`,`link_tags`,`link_field1`,`link_field2`,`link_field3`,`link_field4`,`link_field5`,`link_field6`,`link_field7`,`link_field8`,`link_field9`,`link_field10`,`link_field11`,`link_field12`,`link_field13`,`link_field14`,`link_field15`,`link_group_id`,`link_out`) values ('24','1','published','4170386','2','0','0','1.00','2009-04-02 02:14:47','2009-04-02 02:14:23','2009-04-02 02:14:47','1','1','http://trendsinlife.blogspot.com/2009/04/best-forex-software-reviews.html','Best Forex Software Reviews','Best Forex Software Reviews','best-forex-software-reviews','Do you know what Forex software is? Which package will meet your needs? What should someone look for? How do I know I am getting the best Forex software? These are all common questions that require sound answers, which this article will cover. Basically, Forex trading is a simple operation of buying one currency and then trading it for another when the rate goes up. This is how you','Do you know what Forex software is? Which package will meet your needs? What should someone look for? How do I know I am getting the best Forex software? These are all common questions that require sound answers, which this article will cover. Basically, Forex trading is a simple operation of buying one currency and then trading it for another when the rate goes up. This is how you','best, forex, software, reviews','','','','','','','','','','','','','','','','0','0');
Insert into `pligg_messages` (`idMsg`,`title`,`body`,`sender`,`receiver`,`senderLevel`,`readed`,`date`) values ('1','Welcome to Geez','Thanks for registering on our site.  If you have any questions, be sure to visit our FAQ section. Sincerely, Webmaster','1','2','0','0','2009-03-31 22:11:17');
Insert into `pligg_misc_data` (`name`,`data`) values ('pligg_version','1.0.0');
Insert into `pligg_misc_data` (`name`,`data`) values ('captcha_method','math');
Insert into `pligg_misc_data` (`name`,`data`) values ('reCaptcha_pubkey','6LfwKQQAAAAAAPFCNozXDIaf8GobTb7LCKQw54EA');
Insert into `pligg_misc_data` (`name`,`data`) values ('reCaptcha_prikey','6LfwKQQAAAAAALQosKUrE4MepD0_kW7dgDZLR5P1');
Insert into `pligg_misc_data` (`name`,`data`) values ('hash','84733982');
Insert into `pligg_misc_data` (`name`,`data`) values ('validate','0');
Insert into `pligg_misc_data` (`name`,`data`) values ('upload_thumb','1');
Insert into `pligg_misc_data` (`name`,`data`) values ('upload_sizes','a:2:{i:0;i:250;i:1;s:5:\"40x40\";}');
Insert into `pligg_misc_data` (`name`,`data`) values ('upload_place','tpl_link_summary_pre_story_content');
Insert into `pligg_misc_data` (`name`,`data`) values ('upload_external','0');
Insert into `pligg_misc_data` (`name`,`data`) values ('upload_link','story');
Insert into `pligg_misc_data` (`name`,`data`) values ('upload_directory','/modules/upload/attachments/');
Insert into `pligg_misc_data` (`name`,`data`) values ('upload_thdirectory','/modules/upload/attachments/thumbs/');
Insert into `pligg_misc_data` (`name`,`data`) values ('upload_filesize','200');
Insert into `pligg_misc_data` (`name`,`data`) values ('upload_maxnumber','1');
Insert into `pligg_misc_data` (`name`,`data`) values ('upload_extensions','jpg jpeg png gif');
Insert into `pligg_misc_data` (`name`,`data`) values ('upload_fileplace','tpl_pligg_story_who_voted_start');
Insert into `pligg_misc_data` (`name`,`data`) values ('upload_defsize','40x40');
Insert into `pligg_misc_data` (`name`,`data`) values ('captcha_math_q1low','1');
Insert into `pligg_misc_data` (`name`,`data`) values ('captcha_math_q1high','5');
Insert into `pligg_misc_data` (`name`,`data`) values ('captcha_math_q2low','1');
Insert into `pligg_misc_data` (`name`,`data`) values ('captcha_math_q2high','5');
Insert into `pligg_modules` (`id`,`name`,`version`,`latest_version`,`folder`,`enabled`) values ('2','Admin Modify Language','0.1','0','admin_language','1');
Insert into `pligg_modules` (`id`,`name`,`version`,`latest_version`,`folder`,`enabled`) values ('3','Captcha','0.1','0','captcha','1');
Insert into `pligg_modules` (`id`,`name`,`version`,`latest_version`,`folder`,`enabled`) values ('4','Multibox Admin','0.1','0','multibox_admin','0');
Insert into `pligg_modules` (`id`,`name`,`version`,`latest_version`,`folder`,`enabled`) values ('5','Admin Help English','0.2','0','admin_help_english','1');
Insert into `pligg_modules` (`id`,`name`,`version`,`latest_version`,`folder`,`enabled`) values ('6','Hello World','0.2','0.2','hello_world','0');
Insert into `pligg_modules` (`id`,`name`,`version`,`latest_version`,`folder`,`enabled`) values ('7','Simple Private Messaging','0.2','0','simple_messaging','1');
Insert into `pligg_modules` (`id`,`name`,`version`,`latest_version`,`folder`,`enabled`) values ('8','upload','0.1','0','upload','1');
Insert into `pligg_modules` (`id`,`name`,`version`,`latest_version`,`folder`,`enabled`) values ('9','Basic Box','0.2','0','basic_box','1');
Insert into `pligg_modules` (`id`,`name`,`version`,`latest_version`,`folder`,`enabled`) values ('10','Video Plus','0.2','0','video_plus','1');
Insert into `pligg_modules` (`id`,`name`,`version`,`latest_version`,`folder`,`enabled`) values ('11','RSS Importer','0.8','0','rss_import','1');
Insert into `pligg_modules` (`id`,`name`,`version`,`latest_version`,`folder`,`enabled`) values ('12','Profile Extra Fields','0.2','0','users_extra_fields','1');
Insert into `pligg_modules` (`id`,`name`,`version`,`latest_version`,`folder`,`enabled`) values ('13','Extended Profile Module','0','0','profiles','1');
Insert into `pligg_modules` (`id`,`name`,`version`,`latest_version`,`folder`,`enabled`) values ('14','Send Welcome Private Message','0.1','0','welcome_privmsg','1');
Insert into `pligg_modules` (`id`,`name`,`version`,`latest_version`,`folder`,`enabled`) values ('15','Send Welcome Email','0.2','0','welcome_email','0');
Insert into `pligg_modules` (`id`,`name`,`version`,`latest_version`,`folder`,`enabled`) values ('16','Wistie Avatars','0.2','0','wistie_avatars','1');
Insert into `pligg_modules` (`id`,`name`,`version`,`latest_version`,`folder`,`enabled`) values ('17','Queue Bar','0.2','0','queue_bar','1');
Insert into `pligg_modules` (`id`,`name`,`version`,`latest_version`,`folder`,`enabled`) values ('18','Ajax Contact Form','0.1','0','ajaxcontact','1');
Insert into `pligg_modules` (`id`,`name`,`version`,`latest_version`,`folder`,`enabled`) values ('19','Friend Activity','0.1','0','friends_activity','1');
Insert into `pligg_modules` (`id`,`name`,`version`,`latest_version`,`folder`,`enabled`) values ('20','Akismet','0.6','0','akismet','1');
Insert into `pligg_modules` (`id`,`name`,`version`,`latest_version`,`folder`,`enabled`) values ('21','Xml sitemaps','0.9','0','xml_sitemaps','1');
Insert into `pligg_modules` (`id`,`name`,`version`,`latest_version`,`folder`,`enabled`) values ('22','Admin Snippets','0.1','0.1','admin_snippet','1');
Insert into `pligg_saved_links` (`saved_id`,`saved_user_id`,`saved_link_id`,`saved_privacy`) values ('3','2','3','public');
Insert into `pligg_snippets` (`snippet_id`,`snippet_name`,`snippet_location`,`snippet_updated`,`snippet_order`,`snippet_content`) values ('5','horoscopesidebar','tpl_pligg_sidebar_end','2009-04-01 23:47:00','1','<div class=\"space9\"></div>\r\n     	<div class=\"contact1\">\r\n{if $pagename eq \"index\" || $pagename eq \"published\" || $pagename eq \"upcoming\"}\r\n\r\n\r\n\r\n\r\n  		{literal}<script language=\"javascript\" src=\"http://freebies.pathfinder.gr/scripts/js_horoscopes.php?custom_color=5&utf=1&nw=1\"></script>		{/literal}\r\n\r\n{/if}\r\n</div>\r\n  \r\n');
Insert into `pligg_snippets` (`snippet_id`,`snippet_name`,`snippet_location`,`snippet_updated`,`snippet_order`,`snippet_content`) values ('3','goodlesidebartop','tpl_pligg_sidebar_start','2009-04-01 23:29:38','1','     	<div class=\"space9\"></div>\r\n\r\n     	<div class=\"contact1\">\r\n{if $pagename eq \"index\" || $pagename eq \"published\" || $pagename eq \"upcoming\"}\r\n		{literal}\r\n<script type=\"text/javascript\"><!--\r\ngoogle_ad_client = \"pub-5074133216375147\";\r\n/* 200x200, toprightfinalimage */\r\ngoogle_ad_slot = \"7994345158\";\r\ngoogle_ad_width = 200;\r\ngoogle_ad_height = 200;\r\n//-->\r\n</script>\r\n<script type=\"text/javascript\"\r\nsrc=\"http://pagead2.googlesyndication.com/pagead/show_ads.js\">\r\n</script>\r\n\r\n{/literal}\r\n\r\n{/if}\r\n\r\n</div>');
Insert into `pligg_tag_cache` (`tag_words`,`count`) values ('ελλάδα','2');
Insert into `pligg_tag_cache` (`tag_words`,`count`) values ('digital','1');
Insert into `pligg_tag_cache` (`tag_words`,`count`) values ('attached','1');
Insert into `pligg_tag_cache` (`tag_words`,`count`) values ('security','1');
Insert into `pligg_tag_cache` (`tag_words`,`count`) values ('forex','1');
Insert into `pligg_tag_cache` (`tag_words`,`count`) values ('xmarks','1');
Insert into `pligg_tag_cache` (`tag_words`,`count`) values ('sony','1');
Insert into `pligg_tag_cache` (`tag_words`,`count`) values ('techspot','1');
Insert into `pligg_tag_cache` (`tag_words`,`count`) values ('synology','1');
Insert into `pligg_tag_cache` (`tag_words`,`count`) values ('racing','1');
Insert into `pligg_tag_cache` (`tag_words`,`count`) values ('best','1');
Insert into `pligg_tag_cache` (`tag_words`,`count`) values ('foxmarks','1');
Insert into `pligg_tag_cache` (`tag_words`,`count`) values ('ericsson','1');
Insert into `pligg_tag_cache` (`tag_words`,`count`) values ('western','1');
Insert into `pligg_tag_cache` (`tag_words`,`count`) values ('storage','1');
Insert into `pligg_tag_cache` (`tag_words`,`count`) values ('formula 1','1');
Insert into `pligg_tag_cache` (`tag_words`,`count`) values ('amero','1');
Insert into `pligg_tag_cache` (`tag_words`,`count`) values ('itunes','1');
Insert into `pligg_tag_cache` (`tag_words`,`count`) values ('g','1');
Insert into `pligg_tag_cache` (`tag_words`,`count`) values ('ssd','1');
Insert into `pligg_tag_cache` (`tag_words`,`count`) values ('network','1');
Insert into `pligg_tag_cache` (`tag_words`,`count`) values ('software','1');
Insert into `pligg_tag_cache` (`tag_words`,`count`) values ('thinkstation','1');
Insert into `pligg_tag_cache` (`tag_words`,`count`) values ('walkman','1');
Insert into `pligg_tag_cache` (`tag_words`,`count`) values ('telephony','1');
Insert into `pligg_tag_cache` (`tag_words`,`count`) values ('siliconsystems','1');
Insert into `pligg_tag_cache` (`tag_words`,`count`) values ('ds','1');
Insert into `pligg_tag_cache` (`tag_words`,`count`) values ('technology','1');
Insert into `pligg_tag_cache` (`tag_words`,`count`) values ('reviews','1');
Insert into `pligg_tag_cache` (`tag_words`,`count`) values ('lenovo','1');
Insert into `pligg_tag_cache` (`tag_words`,`count`) values ('w','1');
Insert into `pligg_tag_cache` (`tag_words`,`count`) values ('ellas','1');
Insert into `pligg_tags` (`tag_link_id`,`tag_lang`,`tag_date`,`tag_words`) values ('1','en','2009-03-31 12:14:19','technology');
Insert into `pligg_tags` (`tag_link_id`,`tag_lang`,`tag_date`,`tag_words`) values ('1','en','2009-03-31 12:14:19','security');
Insert into `pligg_tags` (`tag_link_id`,`tag_lang`,`tag_date`,`tag_words`) values ('2','en','2009-03-31 12:36:25','ελλάδα');
Insert into `pligg_tags` (`tag_link_id`,`tag_lang`,`tag_date`,`tag_words`) values ('3','en','2009-03-31 18:55:43','formula 1');
Insert into `pligg_tags` (`tag_link_id`,`tag_lang`,`tag_date`,`tag_words`) values ('3','en','2009-03-31 18:55:43','racing');
Insert into `pligg_tags` (`tag_link_id`,`tag_lang`,`tag_date`,`tag_words`) values ('5','en','2009-03-31 20:06:40','synology');
Insert into `pligg_tags` (`tag_link_id`,`tag_lang`,`tag_date`,`tag_words`) values ('5','en','2009-03-31 20:06:40','ds');
Insert into `pligg_tags` (`tag_link_id`,`tag_lang`,`tag_date`,`tag_words`) values ('5','en','2009-03-31 20:06:40','network');
Insert into `pligg_tags` (`tag_link_id`,`tag_lang`,`tag_date`,`tag_words`) values ('5','en','2009-03-31 20:06:40','attached');
Insert into `pligg_tags` (`tag_link_id`,`tag_lang`,`tag_date`,`tag_words`) values ('5','en','2009-03-31 20:06:40','storage');
Insert into `pligg_tags` (`tag_link_id`,`tag_lang`,`tag_date`,`tag_words`) values ('6','en','2009-03-31 20:12:48','western');
Insert into `pligg_tags` (`tag_link_id`,`tag_lang`,`tag_date`,`tag_words`) values ('6','en','2009-03-31 20:12:48','digital');
Insert into `pligg_tags` (`tag_link_id`,`tag_lang`,`tag_date`,`tag_words`) values ('6','en','2009-03-31 20:12:48','siliconsystems');
Insert into `pligg_tags` (`tag_link_id`,`tag_lang`,`tag_date`,`tag_words`) values ('6','en','2009-03-31 20:12:48','ssd');
Insert into `pligg_tags` (`tag_link_id`,`tag_lang`,`tag_date`,`tag_words`) values ('8','en','2009-04-01 09:53:32','techspot');
Insert into `pligg_tags` (`tag_link_id`,`tag_lang`,`tag_date`,`tag_words`) values ('9','en','2009-04-01 09:53:39','ellas');
Insert into `pligg_tags` (`tag_link_id`,`tag_lang`,`tag_date`,`tag_words`) values ('9','en','2009-04-01 09:53:39','telephony');
Insert into `pligg_tags` (`tag_link_id`,`tag_lang`,`tag_date`,`tag_words`) values ('12','en','2009-04-01 10:48:07','ελλάδα');
Insert into `pligg_tags` (`tag_link_id`,`tag_lang`,`tag_date`,`tag_words`) values ('14','en','2009-04-01 12:17:12','g');
Insert into `pligg_tags` (`tag_link_id`,`tag_lang`,`tag_date`,`tag_words`) values ('17','en','2009-04-01 17:03:15','sony');
Insert into `pligg_tags` (`tag_link_id`,`tag_lang`,`tag_date`,`tag_words`) values ('17','en','2009-04-01 17:03:15','ericsson');
Insert into `pligg_tags` (`tag_link_id`,`tag_lang`,`tag_date`,`tag_words`) values ('17','en','2009-04-01 17:03:15','w');
Insert into `pligg_tags` (`tag_link_id`,`tag_lang`,`tag_date`,`tag_words`) values ('17','en','2009-04-01 17:03:15','walkman');
Insert into `pligg_tags` (`tag_link_id`,`tag_lang`,`tag_date`,`tag_words`) values ('18','en','2009-04-01 17:03:16','itunes');
Insert into `pligg_tags` (`tag_link_id`,`tag_lang`,`tag_date`,`tag_words`) values ('19','en','2009-04-01 17:03:49','foxmarks');
Insert into `pligg_tags` (`tag_link_id`,`tag_lang`,`tag_date`,`tag_words`) values ('19','en','2009-04-01 17:03:49','xmarks');
Insert into `pligg_tags` (`tag_link_id`,`tag_lang`,`tag_date`,`tag_words`) values ('20','en','2009-04-01 17:03:53','thinkstation');
Insert into `pligg_tags` (`tag_link_id`,`tag_lang`,`tag_date`,`tag_words`) values ('20','en','2009-04-01 17:03:53','lenovo');
Insert into `pligg_tags` (`tag_link_id`,`tag_lang`,`tag_date`,`tag_words`) values ('21','en','2009-04-01 17:03:59','amero');
Insert into `pligg_tags` (`tag_link_id`,`tag_lang`,`tag_date`,`tag_words`) values ('24','en','2009-04-02 02:14:23','best');
Insert into `pligg_tags` (`tag_link_id`,`tag_lang`,`tag_date`,`tag_words`) values ('24','en','2009-04-02 02:14:23','forex');
Insert into `pligg_tags` (`tag_link_id`,`tag_lang`,`tag_date`,`tag_words`) values ('24','en','2009-04-02 02:14:23','software');
Insert into `pligg_tags` (`tag_link_id`,`tag_lang`,`tag_date`,`tag_words`) values ('24','en','2009-04-02 02:14:23','reviews');
Insert into `pligg_totals` (`name`,`total`) values ('published','12');
Insert into `pligg_totals` (`name`,`total`) values ('queued','12');
Insert into `pligg_totals` (`name`,`total`) values ('discard','0');
Insert into `pligg_users` (`user_id`,`user_login`,`user_level`,`user_modification`,`user_date`,`user_pass`,`user_email`,`user_names`,`user_karma`,`user_url`,`user_lastlogin`,`user_aim`,`user_msn`,`user_yahoo`,`user_gtalk`,`user_skype`,`user_irc`,`public_email`,`user_avatar_source`,`user_ip`,`user_lastip`,`last_reset_request`,`last_email_friend`,`last_reset_code`,`user_location`,`user_occupation`,`user_categories`,`user_university`,`user_birthdate`,`user_age`,`user_gender`,`user_status`,`user_habits`,`user_car`,`user_country`,`user_state`,`user_bio`,`user_subscription`,`user_interests`,`social_delicious`,`social_facebook`,`social_flickr`,`social_linkedin`,`social_pownce`,`social_stumbleupon`,`social_twitter`,`social_youtube`) values ('1','admin','god','2009-04-02 10:22:54','2009-03-31 08:52:18','3d42103dd85e7d8c0bbf3a0ba245c515fcc36d27112d317d8','admin@geez.gr','','10.00','www.geez.gr','2009-04-02 10:22:54','','','','','','','','useruploaded','0','94.64.225.9','2009-03-31 08:52:18','2009-03-31 23:08:21','','','','1','','','0','','','','','','','','0','','','','','','','','','');
Insert into `pligg_users` (`user_id`,`user_login`,`user_level`,`user_modification`,`user_date`,`user_pass`,`user_email`,`user_names`,`user_karma`,`user_url`,`user_lastlogin`,`user_aim`,`user_msn`,`user_yahoo`,`user_gtalk`,`user_skype`,`user_irc`,`public_email`,`user_avatar_source`,`user_ip`,`user_lastip`,`last_reset_request`,`last_email_friend`,`last_reset_code`,`user_location`,`user_occupation`,`user_categories`,`user_university`,`user_birthdate`,`user_age`,`user_gender`,`user_status`,`user_habits`,`user_car`,`user_country`,`user_state`,`user_bio`,`user_subscription`,`user_interests`,`social_delicious`,`social_facebook`,`social_flickr`,`social_linkedin`,`social_pownce`,`social_stumbleupon`,`social_twitter`,`social_youtube`) values ('2','arxidia','normal','2009-03-31 23:51:06','2009-03-31 22:11:17','9bf0fdcbea870e0f097abc2e0b810ad2a96728ece18de9324','thanosfloratos@hotmail.com','','10.00','','2009-03-31 23:51:06','','','','','','','','','94.64.192.152','94.64.192.152','0000-00-00 00:00:00','0000-00-00 00:00:00','','','','1','','','0','','','','','','','','0','','','','','','','','','');
Insert into `pligg_votes` (`vote_id`,`vote_type`,`vote_date`,`vote_link_id`,`vote_user_id`,`vote_value`,`vote_ip`) values ('1','links','2009-03-31 12:14:19','1','1','10','94.64.192.152');
Insert into `pligg_votes` (`vote_id`,`vote_type`,`vote_date`,`vote_link_id`,`vote_user_id`,`vote_value`,`vote_ip`) values ('2','links','2009-03-31 12:36:25','2','1','10','94.64.192.152');
Insert into `pligg_votes` (`vote_id`,`vote_type`,`vote_date`,`vote_link_id`,`vote_user_id`,`vote_value`,`vote_ip`) values ('3','links','2009-03-31 12:41:38','2','0','10','94.64.192.152');
Insert into `pligg_votes` (`vote_id`,`vote_type`,`vote_date`,`vote_link_id`,`vote_user_id`,`vote_value`,`vote_ip`) values ('4','links','2009-03-31 17:45:39','1','0','10','94.64.192.152');
Insert into `pligg_votes` (`vote_id`,`vote_type`,`vote_date`,`vote_link_id`,`vote_user_id`,`vote_value`,`vote_ip`) values ('5','links','2009-03-31 18:55:43','3','1','10','94.64.192.152');
Insert into `pligg_votes` (`vote_id`,`vote_type`,`vote_date`,`vote_link_id`,`vote_user_id`,`vote_value`,`vote_ip`) values ('6','links','2009-03-31 19:57:12','4','0','1','0.0.0.1');
Insert into `pligg_votes` (`vote_id`,`vote_type`,`vote_date`,`vote_link_id`,`vote_user_id`,`vote_value`,`vote_ip`) values ('7','links','2009-03-31 20:06:40','5','0','1','0.0.0.1');
Insert into `pligg_votes` (`vote_id`,`vote_type`,`vote_date`,`vote_link_id`,`vote_user_id`,`vote_value`,`vote_ip`) values ('8','links','2009-03-31 20:12:48','6','0','1','0.0.0.1');
Insert into `pligg_votes` (`vote_id`,`vote_type`,`vote_date`,`vote_link_id`,`vote_user_id`,`vote_value`,`vote_ip`) values ('9','links','2009-03-31 21:20:14','4','0','10','94.64.192.152');
Insert into `pligg_votes` (`vote_id`,`vote_type`,`vote_date`,`vote_link_id`,`vote_user_id`,`vote_value`,`vote_ip`) values ('10','links','2009-03-31 21:20:33','3','0','10','94.64.192.152');
Insert into `pligg_votes` (`vote_id`,`vote_type`,`vote_date`,`vote_link_id`,`vote_user_id`,`vote_value`,`vote_ip`) values ('11','links','2009-03-31 21:20:43','5','0','10','94.64.192.152');
Insert into `pligg_votes` (`vote_id`,`vote_type`,`vote_date`,`vote_link_id`,`vote_user_id`,`vote_value`,`vote_ip`) values ('14','links','2009-03-31 23:12:23','5','2','10','94.64.192.152');
Insert into `pligg_votes` (`vote_id`,`vote_type`,`vote_date`,`vote_link_id`,`vote_user_id`,`vote_value`,`vote_ip`) values ('13','links','2009-03-31 23:11:09','5','1','-10','94.64.192.152');
Insert into `pligg_votes` (`vote_id`,`vote_type`,`vote_date`,`vote_link_id`,`vote_user_id`,`vote_value`,`vote_ip`) values ('15','links','2009-03-31 23:31:32','1','2','-10','94.64.192.152');
Insert into `pligg_votes` (`vote_id`,`vote_type`,`vote_date`,`vote_link_id`,`vote_user_id`,`vote_value`,`vote_ip`) values ('16','links','2009-04-01 09:53:26','7','0','1','0.0.0.1');
Insert into `pligg_votes` (`vote_id`,`vote_type`,`vote_date`,`vote_link_id`,`vote_user_id`,`vote_value`,`vote_ip`) values ('17','links','2009-04-01 09:53:32','8','0','1','0.0.0.1');
Insert into `pligg_votes` (`vote_id`,`vote_type`,`vote_date`,`vote_link_id`,`vote_user_id`,`vote_value`,`vote_ip`) values ('18','links','2009-04-01 09:53:39','9','0','1','0.0.0.1');
Insert into `pligg_votes` (`vote_id`,`vote_type`,`vote_date`,`vote_link_id`,`vote_user_id`,`vote_value`,`vote_ip`) values ('19','links','2009-04-01 09:54:08','7','0','10','94.64.192.152');
Insert into `pligg_votes` (`vote_id`,`vote_type`,`vote_date`,`vote_link_id`,`vote_user_id`,`vote_value`,`vote_ip`) values ('20','links','2009-04-01 10:28:16','10','0','1','0.0.0.1');
Insert into `pligg_votes` (`vote_id`,`vote_type`,`vote_date`,`vote_link_id`,`vote_user_id`,`vote_value`,`vote_ip`) values ('21','links','2009-04-01 10:40:29','11','0','1','0.0.0.1');
Insert into `pligg_votes` (`vote_id`,`vote_type`,`vote_date`,`vote_link_id`,`vote_user_id`,`vote_value`,`vote_ip`) values ('22','links','2009-04-01 10:48:07','12','0','1','0.0.0.1');
Insert into `pligg_votes` (`vote_id`,`vote_type`,`vote_date`,`vote_link_id`,`vote_user_id`,`vote_value`,`vote_ip`) values ('23','links','2009-04-01 12:12:32','13','0','1','0.0.0.1');
Insert into `pligg_votes` (`vote_id`,`vote_type`,`vote_date`,`vote_link_id`,`vote_user_id`,`vote_value`,`vote_ip`) values ('24','links','2009-04-01 12:17:12','14','0','1','0.0.0.1');
Insert into `pligg_votes` (`vote_id`,`vote_type`,`vote_date`,`vote_link_id`,`vote_user_id`,`vote_value`,`vote_ip`) values ('25','links','2009-04-01 13:55:15','15','0','1','0.0.0.1');
Insert into `pligg_votes` (`vote_id`,`vote_type`,`vote_date`,`vote_link_id`,`vote_user_id`,`vote_value`,`vote_ip`) values ('26','links','2009-04-01 14:48:12','13','0','10','94.64.225.9');
Insert into `pligg_votes` (`vote_id`,`vote_type`,`vote_date`,`vote_link_id`,`vote_user_id`,`vote_value`,`vote_ip`) values ('27','links','2009-04-01 14:48:24','9','0','10','94.64.225.9');
Insert into `pligg_votes` (`vote_id`,`vote_type`,`vote_date`,`vote_link_id`,`vote_user_id`,`vote_value`,`vote_ip`) values ('28','links','2009-04-01 14:48:43','14','0','10','94.64.225.9');
Insert into `pligg_votes` (`vote_id`,`vote_type`,`vote_date`,`vote_link_id`,`vote_user_id`,`vote_value`,`vote_ip`) values ('29','links','2009-04-01 14:48:47','11','0','10','94.64.225.9');
Insert into `pligg_votes` (`vote_id`,`vote_type`,`vote_date`,`vote_link_id`,`vote_user_id`,`vote_value`,`vote_ip`) values ('30','links','2009-04-01 17:03:14','16','0','1','0.0.0.1');
Insert into `pligg_votes` (`vote_id`,`vote_type`,`vote_date`,`vote_link_id`,`vote_user_id`,`vote_value`,`vote_ip`) values ('31','links','2009-04-01 17:03:15','17','0','1','0.0.0.1');
Insert into `pligg_votes` (`vote_id`,`vote_type`,`vote_date`,`vote_link_id`,`vote_user_id`,`vote_value`,`vote_ip`) values ('32','links','2009-04-01 17:03:16','18','0','1','0.0.0.1');
Insert into `pligg_votes` (`vote_id`,`vote_type`,`vote_date`,`vote_link_id`,`vote_user_id`,`vote_value`,`vote_ip`) values ('33','links','2009-04-01 17:03:49','19','0','1','0.0.0.1');
Insert into `pligg_votes` (`vote_id`,`vote_type`,`vote_date`,`vote_link_id`,`vote_user_id`,`vote_value`,`vote_ip`) values ('34','links','2009-04-01 17:03:53','20','0','1','0.0.0.1');
Insert into `pligg_votes` (`vote_id`,`vote_type`,`vote_date`,`vote_link_id`,`vote_user_id`,`vote_value`,`vote_ip`) values ('35','links','2009-04-01 17:03:59','21','0','1','0.0.0.1');
Insert into `pligg_votes` (`vote_id`,`vote_type`,`vote_date`,`vote_link_id`,`vote_user_id`,`vote_value`,`vote_ip`) values ('36','links','2009-04-01 17:04:04','22','0','1','0.0.0.1');
Insert into `pligg_votes` (`vote_id`,`vote_type`,`vote_date`,`vote_link_id`,`vote_user_id`,`vote_value`,`vote_ip`) values ('37','links','2009-04-01 17:04:08','23','0','1','0.0.0.1');
Insert into `pligg_votes` (`vote_id`,`vote_type`,`vote_date`,`vote_link_id`,`vote_user_id`,`vote_value`,`vote_ip`) values ('38','links','2009-04-01 23:55:04','15','0','10','94.64.225.9');
Insert into `pligg_votes` (`vote_id`,`vote_type`,`vote_date`,`vote_link_id`,`vote_user_id`,`vote_value`,`vote_ip`) values ('39','links','2009-04-02 02:14:23','24','0','1','0.0.0.1');
Insert into `pligg_votes` (`vote_id`,`vote_type`,`vote_date`,`vote_link_id`,`vote_user_id`,`vote_value`,`vote_ip`) values ('40','links','2009-04-02 02:14:47','24','0','10','94.64.225.9');
